student_id,gender,age,school_type,parental_education,study_time_hours_per_week,failures,absences,extracurricular,internet_access,health_1_5,weekday_alcohol_1_5,weekend_alcohol_1_5,family_support,free_time_1_5,math_score_0_100,reading_score_0_100,writing_score_0_100,final_grade_0_100,passed
S10000,Male,15.0,Public,Bachelor,15.3,0.0,5.0,No,Yes,,1.0,4.0,Yes,3.0,52.8,40.6,,44.4,No
S10001,Female,16.0,Public,Bachelor,11.3,0.0,4.0,No,Yes,3.0,,,Yes,2.0,54.8,,50.4,58.4,Yes
S10002,Female,18.0,Private,Secondary,7.6,,4.0,No,Yes,2.0,1.0,2.0,Yes,2.0,31.4,52.1,32.2,36.3,No
S10003,Female,17.0,Public,Bachelor,11.8,0.0,,No,No,4.0,2.0,1.0,Yes,3.0,51.9,52.5,51.4,53.5,Yes
S10004,Male,17.0,Public,Bachelor,8.2,0.0,3.0,No,Yes,4.0,1.0,1.0,Yes,2.0,59.7,56.7,57.4,63.8,Yes
S10005,Male,17.0,Private,Bachelor,7.2,,3.0,No,Yes,4.0,,5.0,Yes,5.0,51.3,55.4,51.5,50.8,Yes
S10006,Male,17.0,Public,Master,5.4,1.0,5.0,Yes,Yes,3.0,4.0,1.0,Yes,3.0,,35.9,50.1,37.8,No
S10007,Female,,Private,,3.0,0.0,4.0,Yes,Yes,3.0,4.0,2.0,Yes,3.0,13.1,19.4,37.3,15.8,No
S10008,Female,15.0,Public,Bachelor,8.4,0.0,3.0,No,Yes,3.0,2.0,1.0,No,3.0,54.0,39.2,55.4,58.2,Yes
S10009,Female,16.0,Public,Primary,10.6,0.0,4.0,Yes,Yes,3.0,1.0,1.0,Yes,1.0,,53.9,,42.4,No
S10010,Male,15.0,Public,Secondary,9.6,0.0,3.0,Yes,Yes,5.0,,1.0,Yes,5.0,58.2,,64.7,59.2,Yes
S10011,Female,19.0,Public,Secondary,8.3,1.0,3.0,No,Yes,3.0,1.0,3.0,Yes,3.0,35.5,46.5,39.3,35.5,No
S10012,Female,18.0,Private,Secondary,6.2,0.0,4.0,Yes,Yes,3.0,1.0,1.0,Yes,5.0,51.1,55.4,44.9,54.3,Yes
S10013,Male,15.0,Public,Secondary,12.4,0.0,3.0,No,Yes,3.0,2.0,1.0,Yes,3.0,58.1,,57.2,54.8,Yes
S10014,Male,17.0,Public,Bachelor,,0.0,1.0,No,No,4.0,5.0,1.0,No,,71.7,71.5,62.6,66.9,Yes
S10015,Male,18.0,Public,Secondary,13.1,,3.0,No,Yes,2.0,1.0,3.0,No,1.0,65.5,63.6,77.7,69.8,Yes
S10016,Male,15.0,Public,Bachelor,6.0,2.0,2.0,Yes,Yes,,1.0,3.0,Yes,3.0,36.5,33.0,41.2,,No
S10017,Female,16.0,Private,Secondary,7.0,0.0,2.0,Yes,No,4.0,1.0,2.0,Yes,4.0,35.0,37.3,54.4,40.8,No
S10018,Male,18.0,Public,Primary,,3.0,4.0,No,Yes,3.0,1.0,1.0,Yes,4.0,40.4,44.3,45.2,,No
S10019,Male,15.0,Public,Bachelor,8.0,0.0,4.0,Yes,Yes,4.0,1.0,4.0,Yes,4.0,28.1,47.7,49.5,42.1,No
S10020,Female,17.0,Private,Secondary,13.9,0.0,,Yes,Yes,2.0,1.0,3.0,Yes,2.0,32.4,29.0,26.9,30.3,No
S10021,Male,16.0,Public,Secondary,12.1,,7.0,Yes,Yes,4.0,2.0,3.0,Yes,5.0,64.9,57.8,72.5,,Yes
S10022,Male,,Private,Bachelor,,0.0,3.0,Yes,No,2.0,1.0,3.0,Yes,5.0,63.9,58.4,59.9,59.5,Yes
S10023,Male,19.0,Public,Secondary,12.1,0.0,2.0,Yes,No,1.0,3.0,2.0,Yes,1.0,65.8,68.4,47.6,69.1,Yes
S10024,Male,18.0,Public,Primary,5.6,3.0,6.0,No,Yes,,1.0,1.0,No,5.0,41.4,36.4,33.7,34.3,No
S10025,Female,16.0,Public,Secondary,8.7,0.0,0.0,Yes,Yes,3.0,2.0,4.0,Yes,2.0,58.4,63.0,51.6,58.6,Yes
S10026,Male,18.0,Public,Master,6.9,0.0,6.0,Yes,Yes,,1.0,,Yes,,44.8,41.7,56.8,47.9,No
S10027,Female,17.0,Private,Bachelor,15.3,0.0,3.0,No,Yes,3.0,3.0,1.0,Yes,2.0,66.8,53.3,74.0,68.9,Yes
S10028,Female,16.0,Public,Bachelor,5.2,0.0,3.0,No,Yes,4.0,1.0,1.0,No,5.0,38.4,39.8,36.3,42.6,No
S10029,Male,17.0,Public,Bachelor,13.6,0.0,5.0,Yes,Yes,3.0,1.0,,Yes,2.0,72.6,72.3,81.9,75.2,Yes
S10030,Female,15.0,Public,Secondary,13.6,0.0,5.0,Yes,Yes,5.0,1.0,1.0,No,3.0,50.0,37.0,47.5,46.5,No
S10031,Male,16.0,Public,Secondary,17.3,0.0,2.0,No,Yes,5.0,,4.0,Yes,3.0,75.5,79.9,,74.7,Yes
S10032,Male,15.0,Public,Bachelor,8.4,0.0,4.0,No,No,4.0,1.0,1.0,Yes,,46.8,57.1,53.8,,No
S10033,Female,15.0,Private,Primary,12.8,0.0,3.0,No,Yes,3.0,1.0,1.0,Yes,3.0,41.1,61.8,48.4,43.1,No
S10034,Female,15.0,Public,Secondary,19.1,0.0,6.0,No,Yes,3.0,1.0,1.0,No,2.0,64.9,63.8,67.1,62.8,Yes
S10035,Female,17.0,Public,Secondary,7.5,0.0,1.0,Yes,Yes,4.0,,1.0,Yes,4.0,68.0,47.1,54.8,55.5,Yes
S10036,Male,16.0,Public,Secondary,3.9,,3.0,No,Yes,2.0,2.0,,Yes,5.0,55.6,71.4,64.6,58.2,Yes
S10037,Male,17.0,Public,Doctorate,,0.0,5.0,Yes,Yes,3.0,1.0,1.0,Yes,4.0,62.3,48.3,52.3,58.1,Yes
S10038,Female,15.0,Public,Primary,12.9,1.0,3.0,No,Yes,,1.0,3.0,No,,52.9,46.1,48.8,49.6,No
S10039,Male,16.0,Public,Secondary,2.5,0.0,2.0,No,Yes,2.0,5.0,5.0,No,3.0,62.9,46.8,50.2,53.4,Yes
S10040,Male,16.0,Private,Secondary,8.5,,0.0,No,Yes,2.0,,1.0,No,2.0,77.0,86.1,70.9,72.9,Yes
S10041,Female,17.0,Public,Master,11.7,1.0,1.0,Yes,No,3.0,3.0,2.0,No,3.0,77.4,79.8,70.5,75.9,Yes
S10042,Male,16.0,Public,Primary,10.7,0.0,4.0,Yes,Yes,4.0,1.0,2.0,Yes,1.0,50.8,58.7,76.2,50.3,Yes
S10043,Female,17.0,Public,Secondary,11.7,0.0,6.0,No,Yes,3.0,1.0,2.0,Yes,,76.9,62.4,61.2,,Yes
S10044,Male,,Private,Bachelor,,0.0,2.0,No,Yes,3.0,1.0,2.0,Yes,,64.3,66.2,59.1,63.6,Yes
S10045,Female,17.0,Public,Bachelor,15.1,0.0,4.0,No,No,2.0,2.0,1.0,Yes,5.0,69.1,76.4,75.6,74.2,Yes
S10046,Male,15.0,Public,Secondary,6.2,1.0,1.0,Yes,Yes,3.0,1.0,1.0,No,1.0,45.4,47.0,46.5,40.0,No
S10047,Female,15.0,Public,Secondary,7.3,1.0,1.0,Yes,Yes,3.0,1.0,1.0,No,4.0,47.9,32.4,30.7,39.0,No
S10048,Female,18.0,Public,Secondary,6.9,0.0,9.0,No,Yes,4.0,1.0,1.0,Yes,2.0,65.0,47.8,65.3,,Yes
S10049,Male,15.0,Public,Secondary,13.3,0.0,2.0,Yes,Yes,5.0,1.0,3.0,Yes,1.0,52.2,49.2,48.2,46.9,No
S10050,Female,18.0,Public,Secondary,13.6,2.0,2.0,No,Yes,2.0,2.0,1.0,No,4.0,49.3,,41.9,50.3,Yes
S10051,Female,16.0,Public,Secondary,11.8,2.0,3.0,No,Yes,3.0,1.0,4.0,Yes,2.0,45.0,47.5,46.8,54.3,Yes
S10052,Female,18.0,Public,Secondary,14.7,0.0,4.0,No,Yes,3.0,1.0,,Yes,4.0,78.4,77.8,93.9,83.1,Yes
S10053,Female,17.0,Private,Secondary,5.3,0.0,2.0,No,Yes,5.0,4.0,5.0,Yes,3.0,63.5,57.8,44.2,52.7,Yes
S10054,Female,19.0,Private,Bachelor,16.7,0.0,,No,Yes,4.0,1.0,4.0,Yes,2.0,65.7,,68.1,66.3,Yes
S10055,Female,16.0,Public,Master,16.1,2.0,,Yes,No,4.0,1.0,1.0,Yes,5.0,57.9,51.2,59.3,60.1,Yes
S10056,Male,17.0,Public,Bachelor,12.9,0.0,1.0,No,Yes,3.0,4.0,2.0,Yes,3.0,52.2,56.0,42.5,52.9,Yes
S10057,Male,16.0,Public,Primary,17.1,0.0,0.0,Yes,Yes,5.0,4.0,1.0,Yes,4.0,,48.7,45.4,62.1,Yes
S10058,Male,16.0,Public,Primary,,0.0,3.0,No,Yes,2.0,1.0,3.0,No,3.0,74.6,69.1,60.9,66.0,Yes
S10059,Male,17.0,Public,Master,7.9,0.0,2.0,Yes,No,2.0,1.0,4.0,Yes,,77.1,56.0,61.8,67.2,Yes
S10060,Male,18.0,Public,Secondary,7.1,0.0,6.0,No,Yes,4.0,,4.0,Yes,2.0,57.6,57.8,,66.5,Yes
S10061,Male,19.0,Public,Primary,12.9,3.0,2.0,Yes,Yes,5.0,2.0,1.0,No,2.0,50.9,,56.6,60.5,Yes
S10062,Female,,Private,Bachelor,5.8,0.0,2.0,Yes,Yes,2.0,2.0,3.0,Yes,3.0,39.5,47.6,53.8,38.4,No
S10063,Male,16.0,Public,Bachelor,13.0,,2.0,No,Yes,,1.0,1.0,Yes,3.0,89.7,87.7,65.1,81.7,Yes
S10064,Male,16.0,Public,Bachelor,15.5,0.0,6.0,Yes,Yes,,1.0,1.0,No,3.0,53.4,51.1,45.0,56.1,Yes
S10065,Female,17.0,Private,Secondary,12.8,0.0,1.0,No,Yes,2.0,1.0,3.0,Yes,3.0,80.6,75.0,69.7,87.2,Yes
S10066,Male,15.0,Public,,11.1,0.0,4.0,No,Yes,3.0,1.0,,No,3.0,51.9,45.3,66.7,57.2,Yes
S10067,Female,15.0,Public,Master,6.0,0.0,4.0,Yes,No,,1.0,5.0,Yes,,49.1,,37.6,41.5,No
S10068,Male,16.0,Public,Secondary,6.6,0.0,2.0,No,Yes,4.0,,1.0,Yes,2.0,42.6,52.7,48.1,43.2,No
S10069,Other,16.0,Public,Bachelor,15.0,0.0,3.0,Yes,Yes,4.0,1.0,4.0,Yes,3.0,38.5,38.9,44.6,49.3,No
S10070,Female,16.0,Private,Bachelor,13.1,0.0,,Yes,No,4.0,1.0,1.0,Yes,1.0,73.9,56.2,79.0,73.0,Yes
S10071,Male,15.0,Public,Bachelor,9.8,0.0,3.0,No,No,3.0,1.0,3.0,Yes,2.0,55.9,56.3,53.3,51.8,Yes
S10072,Male,15.0,Public,Secondary,8.3,2.0,4.0,No,Yes,4.0,1.0,3.0,Yes,1.0,29.9,27.6,,29.1,No
S10073,Female,15.0,Private,Secondary,1.9,2.0,2.0,Yes,No,3.0,1.0,4.0,No,5.0,48.0,54.6,45.3,50.4,Yes
S10074,Female,19.0,Private,Bachelor,5.7,0.0,4.0,No,Yes,3.0,1.0,1.0,No,4.0,54.0,60.7,60.4,60.1,Yes
S10075,Female,16.0,Private,Bachelor,17.6,0.0,0.0,No,Yes,3.0,,4.0,Yes,1.0,50.5,45.2,44.2,43.4,No
S10076,Female,16.0,Public,Master,4.9,2.0,2.0,No,No,,1.0,1.0,No,1.0,64.7,63.0,62.6,61.1,Yes
S10077,Male,17.0,Public,Primary,10.8,0.0,4.0,Yes,Yes,4.0,1.0,1.0,Yes,4.0,52.2,48.2,59.3,46.5,No
S10078,Male,15.0,Private,Secondary,14.0,1.0,4.0,No,Yes,5.0,2.0,1.0,Yes,3.0,65.5,53.5,53.7,62.5,Yes
S10079,Male,18.0,Private,Master,5.0,2.0,2.0,No,Yes,3.0,1.0,,No,4.0,49.4,50.3,49.2,,No
S10080,Female,17.0,Public,Bachelor,10.7,,3.0,No,Yes,4.0,1.0,1.0,Yes,5.0,33.0,38.9,44.0,39.9,No
S10081,Female,15.0,Public,Master,13.8,0.0,4.0,No,Yes,2.0,2.0,3.0,Yes,3.0,47.9,,41.0,52.7,Yes
S10082,Male,16.0,Public,Secondary,10.0,2.0,4.0,No,Yes,4.0,1.0,3.0,Yes,2.0,63.4,66.4,73.9,,Yes
S10083,Male,,Private,Bachelor,21.5,0.0,3.0,Yes,No,3.0,4.0,1.0,Yes,4.0,,59.3,,67.1,Yes
S10084,Male,,Public,Bachelor,3.3,,3.0,No,Yes,1.0,1.0,4.0,Yes,5.0,60.5,47.7,61.0,,Yes
S10085,Male,16.0,Public,Bachelor,14.2,0.0,3.0,No,Yes,3.0,2.0,1.0,Yes,3.0,36.9,36.1,36.6,36.8,No
S10086,Female,17.0,Public,Secondary,9.3,0.0,2.0,Yes,No,4.0,4.0,4.0,Yes,3.0,,27.2,45.0,49.8,No
S10087,Female,15.0,Public,,13.1,0.0,,No,Yes,2.0,3.0,1.0,Yes,2.0,59.9,61.5,,62.5,Yes
S10088,Female,19.0,Private,Bachelor,11.8,0.0,4.0,No,Yes,5.0,1.0,2.0,Yes,3.0,71.7,61.6,68.7,65.6,Yes
S10089,Male,15.0,Public,Secondary,7.1,3.0,5.0,No,Yes,2.0,1.0,1.0,Yes,4.0,54.8,,71.5,,Yes
S10090,Male,18.0,Private,Secondary,10.9,0.0,5.0,No,Yes,5.0,1.0,,Yes,5.0,55.3,71.5,70.2,69.6,Yes
S10091,Female,17.0,Private,Master,2.6,0.0,1.0,Yes,Yes,4.0,1.0,1.0,Yes,3.0,45.8,54.3,42.5,,No
S10092,Female,,Public,Secondary,,0.0,5.0,No,Yes,,2.0,1.0,Yes,4.0,42.6,,72.1,62.8,Yes
S10093,Female,16.0,Public,Bachelor,11.2,0.0,4.0,No,Yes,3.0,1.0,,Yes,2.0,69.5,54.4,57.9,62.9,Yes
S10094,Female,15.0,Public,Secondary,12.6,0.0,2.0,No,Yes,4.0,1.0,1.0,Yes,2.0,80.9,69.1,74.9,76.7,Yes
S10095,Female,15.0,Private,Bachelor,14.2,3.0,2.0,No,Yes,4.0,1.0,1.0,Yes,3.0,60.3,61.7,,67.2,Yes
S10096,Female,15.0,Public,Master,11.5,1.0,1.0,No,Yes,4.0,1.0,3.0,Yes,2.0,65.1,59.6,50.8,56.9,Yes
S10097,Male,15.0,Public,Primary,10.6,0.0,3.0,No,Yes,3.0,3.0,2.0,No,3.0,58.1,51.8,63.6,61.7,Yes
S10098,Male,17.0,Private,,6.5,0.0,5.0,No,Yes,3.0,2.0,4.0,No,2.0,65.9,69.0,55.7,,Yes
S10099,Male,16.0,Public,Secondary,7.2,0.0,1.0,No,Yes,5.0,1.0,2.0,No,4.0,68.3,55.9,59.1,55.9,Yes
S10100,Male,15.0,Private,Primary,14.7,0.0,2.0,No,No,3.0,1.0,2.0,No,4.0,72.6,73.9,75.5,69.9,Yes
S10101,Female,19.0,Public,Bachelor,15.7,0.0,,No,Yes,3.0,1.0,2.0,Yes,3.0,36.8,39.1,45.6,42.4,No
S10102,Male,18.0,Public,Master,9.0,0.0,,Yes,No,,,1.0,Yes,2.0,,66.6,,63.2,Yes
S10103,Female,,Public,Secondary,10.2,3.0,3.0,Yes,Yes,4.0,4.0,2.0,Yes,3.0,47.3,49.5,,,Yes
S10104,Female,19.0,Private,Secondary,6.4,0.0,3.0,No,No,4.0,3.0,1.0,Yes,5.0,71.8,74.7,70.7,77.1,Yes
S10105,Male,15.0,Public,Secondary,14.7,0.0,5.0,Yes,Yes,3.0,,4.0,No,3.0,87.8,60.1,73.6,,Yes
S10106,Male,16.0,Private,Bachelor,12.7,0.0,4.0,No,Yes,2.0,1.0,3.0,Yes,1.0,58.9,65.7,59.6,,Yes
S10107,Female,17.0,Private,,17.8,0.0,3.0,Yes,Yes,1.0,1.0,1.0,No,,67.7,,73.0,74.4,Yes
S10108,Male,17.0,Public,Bachelor,6.5,,5.0,No,Yes,,1.0,3.0,Yes,,76.0,69.1,61.8,64.9,Yes
S10109,Male,15.0,Private,Bachelor,8.5,0.0,4.0,Yes,Yes,,1.0,1.0,No,2.0,54.5,57.9,52.0,58.8,Yes
S10110,Male,17.0,Public,Bachelor,10.9,0.0,1.0,Yes,Yes,5.0,1.0,1.0,Yes,4.0,88.9,77.4,84.9,,Yes
S10111,Male,,Public,Secondary,12.6,1.0,3.0,No,Yes,3.0,1.0,1.0,Yes,4.0,50.3,42.7,53.8,51.3,Yes
S10112,Female,15.0,Public,Bachelor,,0.0,3.0,No,Yes,,1.0,3.0,Yes,2.0,54.2,49.8,53.6,59.5,Yes
S10113,Female,16.0,Private,Primary,6.5,1.0,,No,Yes,4.0,1.0,3.0,No,2.0,69.7,55.8,57.9,59.6,Yes
S10114,Female,,Public,Secondary,13.5,0.0,5.0,No,Yes,,4.0,3.0,No,2.0,52.3,50.9,48.7,50.3,Yes
S10115,Female,,Public,Master,12.9,0.0,3.0,No,Yes,3.0,2.0,1.0,Yes,5.0,59.9,54.9,58.2,,Yes
S10116,Female,,Public,Bachelor,6.3,1.0,2.0,Yes,Yes,2.0,1.0,2.0,Yes,3.0,75.2,62.7,65.4,64.8,Yes
S10117,Male,,Public,,15.4,0.0,3.0,No,Yes,,,3.0,Yes,3.0,49.7,55.5,57.3,,Yes
S10118,Female,16.0,Public,Secondary,14.7,0.0,3.0,No,Yes,5.0,1.0,1.0,No,3.0,39.2,36.3,44.5,,No
S10119,Female,15.0,Private,Secondary,10.5,0.0,3.0,No,Yes,3.0,1.0,2.0,Yes,3.0,64.0,62.3,58.7,60.6,Yes
S10120,Female,18.0,Private,Secondary,10.3,0.0,1.0,Yes,Yes,3.0,1.0,1.0,Yes,3.0,56.4,53.0,43.7,,Yes
S10121,Female,,Public,Secondary,12.2,,5.0,No,Yes,4.0,2.0,1.0,Yes,2.0,73.2,78.8,56.8,63.9,Yes
S10122,Male,18.0,Private,Primary,6.6,,1.0,Yes,Yes,5.0,1.0,1.0,Yes,3.0,55.3,66.2,75.8,69.2,Yes
S10123,Male,17.0,Public,Secondary,10.1,0.0,4.0,No,Yes,3.0,1.0,2.0,Yes,3.0,74.4,71.0,63.4,72.7,Yes
S10124,Male,17.0,Private,Bachelor,1.4,0.0,,No,No,3.0,1.0,1.0,Yes,2.0,59.4,57.4,57.6,56.0,Yes
S10125,Male,16.0,Public,Bachelor,13.5,2.0,3.0,Yes,Yes,5.0,3.0,1.0,No,2.0,63.6,,69.8,63.0,Yes
S10126,Female,15.0,Public,Bachelor,,0.0,4.0,No,Yes,2.0,4.0,1.0,No,3.0,54.6,48.1,48.0,42.3,No
S10127,Female,,Public,Primary,16.0,1.0,3.0,Yes,Yes,4.0,1.0,,Yes,3.0,61.0,60.5,68.2,59.8,Yes
S10128,Male,16.0,Private,Master,8.7,0.0,8.0,No,Yes,4.0,1.0,1.0,No,3.0,79.3,80.2,72.4,81.7,Yes
S10129,Female,16.0,Public,Bachelor,,0.0,2.0,Yes,Yes,4.0,1.0,,Yes,,53.4,41.4,51.7,49.1,No
S10130,Male,17.0,Public,Bachelor,7.5,,2.0,No,Yes,,1.0,2.0,Yes,1.0,66.6,70.2,72.3,74.0,Yes
S10131,Male,16.0,Public,Bachelor,8.8,0.0,1.0,Yes,No,3.0,1.0,1.0,Yes,2.0,59.8,54.6,49.9,52.8,Yes
S10132,Male,15.0,Public,Master,,,1.0,No,No,,1.0,3.0,Yes,2.0,61.9,51.9,,60.0,Yes
S10133,Male,15.0,Public,Secondary,0.5,0.0,5.0,No,Yes,,1.0,3.0,No,3.0,38.9,,57.6,45.1,No
S10134,Female,17.0,Public,Secondary,,0.0,,No,Yes,3.0,1.0,1.0,Yes,3.0,69.9,64.8,66.8,63.6,Yes
S10135,Male,15.0,Private,Bachelor,11.4,0.0,0.0,Yes,Yes,2.0,,1.0,Yes,4.0,66.6,62.7,68.5,65.6,Yes
S10136,Female,18.0,Public,Bachelor,5.2,0.0,2.0,No,Yes,1.0,3.0,4.0,Yes,2.0,53.1,51.7,51.1,,No
S10137,Female,16.0,Public,Bachelor,5.7,1.0,5.0,Yes,No,5.0,1.0,1.0,Yes,3.0,47.7,50.0,61.6,46.4,No
S10138,Male,16.0,Public,Secondary,16.7,0.0,4.0,No,Yes,,1.0,1.0,No,4.0,52.4,53.9,62.7,55.2,Yes
S10139,Female,,Private,Primary,6.2,2.0,4.0,Yes,Yes,5.0,1.0,1.0,Yes,5.0,,34.9,22.3,30.5,No
S10140,Female,17.0,Private,Secondary,,2.0,4.0,No,Yes,2.0,,2.0,Yes,5.0,37.4,33.1,44.3,43.3,No
S10141,Male,16.0,Public,Master,14.5,,4.0,Yes,Yes,3.0,1.0,2.0,No,,61.7,53.4,57.2,61.6,Yes
S10142,Female,17.0,Public,Bachelor,11.4,0.0,1.0,Yes,No,3.0,1.0,5.0,Yes,5.0,57.7,58.1,59.0,63.1,Yes
S10143,Male,16.0,Public,Secondary,6.2,1.0,3.0,Yes,Yes,4.0,1.0,4.0,Yes,2.0,,,64.2,72.1,Yes
S10144,Male,16.0,Public,Secondary,10.9,2.0,1.0,No,Yes,4.0,1.0,1.0,Yes,2.0,40.6,30.7,44.8,40.2,No
S10145,Male,18.0,Private,Secondary,5.9,0.0,4.0,Yes,Yes,2.0,1.0,1.0,Yes,1.0,64.4,51.9,51.1,,Yes
S10146,Female,17.0,Public,Master,14.4,0.0,,No,No,5.0,1.0,,No,4.0,58.0,41.3,51.9,51.8,Yes
S10147,Female,17.0,Public,Bachelor,14.2,0.0,3.0,No,Yes,2.0,4.0,1.0,Yes,5.0,69.1,57.6,71.8,68.8,Yes
S10148,Male,18.0,Public,Bachelor,12.1,0.0,3.0,No,No,4.0,1.0,1.0,Yes,2.0,47.2,61.5,46.1,,Yes
S10149,Male,18.0,Private,Secondary,11.4,0.0,3.0,No,Yes,5.0,1.0,1.0,No,3.0,43.7,48.7,45.4,48.5,No
S10150,Female,17.0,Public,Bachelor,,0.0,4.0,Yes,No,4.0,1.0,1.0,Yes,4.0,82.1,69.6,71.6,80.2,Yes
S10151,Male,17.0,Public,Secondary,10.0,0.0,2.0,No,Yes,5.0,3.0,1.0,Yes,5.0,59.4,45.6,45.6,47.0,No
S10152,Male,17.0,Public,Bachelor,5.3,0.0,,Yes,Yes,3.0,1.0,1.0,Yes,3.0,48.9,56.4,,48.9,No
S10153,Female,17.0,Private,Secondary,11.8,0.0,4.0,No,Yes,2.0,2.0,5.0,No,5.0,18.3,28.7,,27.7,No
S10154,Other,17.0,Public,Secondary,18.3,0.0,5.0,Yes,Yes,2.0,3.0,2.0,Yes,2.0,70.3,73.7,75.1,,Yes
S10155,Male,17.0,Public,Bachelor,5.9,0.0,,No,Yes,3.0,1.0,5.0,Yes,2.0,63.2,57.7,66.9,62.1,Yes
S10156,Female,,Public,Master,8.6,0.0,2.0,No,No,4.0,1.0,1.0,Yes,3.0,59.4,53.7,52.6,55.3,Yes
S10157,Female,18.0,Public,Primary,11.7,0.0,1.0,No,Yes,2.0,1.0,1.0,Yes,3.0,44.8,44.8,45.4,47.7,No
S10158,Male,18.0,Public,Bachelor,9.8,0.0,,Yes,Yes,4.0,,1.0,Yes,1.0,77.2,74.4,64.6,68.1,Yes
S10159,Female,15.0,Public,Secondary,6.1,0.0,4.0,No,Yes,3.0,1.0,1.0,Yes,4.0,52.2,49.4,,53.0,Yes
S10160,Male,17.0,Public,Secondary,14.5,3.0,,Yes,Yes,3.0,1.0,1.0,Yes,4.0,49.7,41.3,46.6,42.7,No
S10161,Female,15.0,Public,Primary,19.3,0.0,2.0,No,No,4.0,1.0,,Yes,4.0,74.8,80.2,91.6,73.8,Yes
S10162,Female,16.0,Public,Secondary,,0.0,,No,Yes,3.0,1.0,,Yes,2.0,47.6,49.2,52.9,49.7,No
S10163,Female,17.0,Private,Secondary,6.4,0.0,3.0,No,No,4.0,1.0,1.0,No,,74.9,55.3,60.7,71.6,Yes
S10164,Male,,Public,Primary,3.8,3.0,4.0,No,No,,1.0,1.0,Yes,3.0,47.9,,47.2,53.0,Yes
S10165,Female,17.0,Private,Secondary,,0.0,1.0,No,Yes,4.0,1.0,,Yes,,64.4,45.8,58.9,60.2,Yes
S10166,Male,17.0,Public,Master,14.4,,3.0,No,Yes,2.0,,,Yes,3.0,70.0,,64.9,65.3,Yes
S10167,Male,16.0,Public,Primary,,0.0,6.0,No,No,2.0,1.0,1.0,Yes,2.0,60.8,54.8,52.3,55.8,Yes
S10168,Male,15.0,Public,Bachelor,10.0,,3.0,No,Yes,4.0,3.0,,Yes,1.0,47.9,42.6,57.9,43.1,No
S10169,Female,16.0,Public,Secondary,7.6,,1.0,No,Yes,4.0,1.0,1.0,Yes,4.0,53.6,45.4,53.1,42.0,No
S10170,Female,17.0,Public,Bachelor,5.6,0.0,3.0,Yes,Yes,3.0,3.0,1.0,Yes,1.0,70.9,73.1,61.2,,Yes
S10171,Male,19.0,Public,Secondary,13.3,0.0,6.0,No,Yes,3.0,1.0,1.0,No,5.0,52.2,43.2,38.8,50.7,Yes
S10172,Female,17.0,Public,Secondary,13.7,0.0,,No,Yes,3.0,1.0,1.0,Yes,3.0,69.5,76.7,70.7,73.4,Yes
S10173,Male,16.0,Private,Secondary,,0.0,4.0,Yes,Yes,3.0,2.0,1.0,Yes,5.0,,68.6,59.3,60.6,Yes
S10174,Female,17.0,Public,Primary,16.4,0.0,1.0,No,Yes,4.0,,5.0,Yes,1.0,70.2,67.9,65.2,74.3,Yes
S10175,Male,16.0,Private,Secondary,12.3,,5.0,No,No,4.0,5.0,1.0,No,3.0,60.7,66.9,60.3,63.8,Yes
S10176,Female,17.0,Public,Bachelor,15.6,0.0,0.0,Yes,Yes,2.0,3.0,4.0,Yes,2.0,57.3,60.6,71.0,61.9,Yes
S10177,Male,15.0,Public,Master,4.6,1.0,5.0,No,Yes,3.0,1.0,,Yes,,29.5,,28.0,22.2,No
S10178,Female,,Public,Bachelor,4.5,0.0,,No,Yes,4.0,1.0,5.0,No,3.0,58.1,44.8,54.6,61.1,Yes
S10179,Male,16.0,Public,Bachelor,9.4,0.0,0.0,No,Yes,3.0,1.0,3.0,Yes,2.0,58.2,48.1,45.2,53.4,Yes
S10180,Male,19.0,Public,Primary,12.0,0.0,3.0,No,Yes,4.0,1.0,2.0,Yes,4.0,51.7,51.5,49.1,47.1,No
S10181,Male,16.0,Public,Secondary,,2.0,,No,Yes,2.0,1.0,4.0,Yes,3.0,46.1,43.8,46.0,40.7,No
S10182,Female,17.0,Public,Secondary,12.8,0.0,3.0,Yes,Yes,4.0,1.0,1.0,No,,56.8,46.7,44.8,55.2,Yes
S10183,Female,18.0,Public,Secondary,9.0,0.0,2.0,No,Yes,2.0,1.0,1.0,Yes,3.0,50.8,54.5,49.5,47.4,No
S10184,Male,15.0,Public,Secondary,,0.0,2.0,No,Yes,4.0,1.0,5.0,No,3.0,34.1,38.1,36.7,,No
S10185,Female,18.0,Private,Secondary,14.9,0.0,,No,No,3.0,2.0,3.0,Yes,2.0,,71.0,77.2,,Yes
S10186,Female,17.0,Private,Secondary,6.1,0.0,3.0,No,Yes,,2.0,5.0,Yes,3.0,76.2,80.9,,82.8,Yes
S10187,Female,15.0,Private,Secondary,16.5,,7.0,No,No,4.0,1.0,3.0,Yes,1.0,59.5,60.5,65.1,63.4,Yes
S10188,Female,16.0,Private,Bachelor,8.9,0.0,0.0,No,No,2.0,3.0,4.0,Yes,3.0,65.1,61.6,,65.7,Yes
S10189,Male,17.0,Public,Bachelor,16.4,0.0,3.0,No,Yes,3.0,1.0,3.0,Yes,4.0,63.2,61.1,68.0,63.3,Yes
S10190,Male,15.0,Public,Secondary,12.7,0.0,3.0,No,Yes,3.0,1.0,3.0,Yes,3.0,,55.6,49.8,61.0,Yes
S10191,Female,,Private,Master,9.5,0.0,4.0,No,Yes,3.0,1.0,2.0,Yes,3.0,52.5,,54.7,58.4,Yes
S10192,Female,16.0,Public,Master,7.9,0.0,3.0,No,No,5.0,1.0,4.0,Yes,1.0,65.6,55.7,62.2,,Yes
S10193,Female,17.0,Public,Secondary,8.6,0.0,3.0,No,Yes,4.0,1.0,3.0,Yes,,50.7,40.7,40.3,37.7,No
S10194,Male,15.0,Public,Secondary,11.7,0.0,3.0,Yes,Yes,2.0,3.0,3.0,No,2.0,78.0,,80.3,77.7,Yes
S10195,Male,18.0,Public,Secondary,10.3,0.0,3.0,No,Yes,4.0,4.0,2.0,Yes,3.0,37.0,46.3,43.1,41.6,No
S10196,Female,19.0,Public,Master,7.6,3.0,7.0,No,Yes,3.0,1.0,1.0,No,3.0,51.1,54.0,59.3,48.4,No
S10197,Female,19.0,Private,Master,,2.0,2.0,No,Yes,5.0,2.0,1.0,Yes,5.0,55.8,58.3,51.7,,Yes
S10198,Female,17.0,Public,Primary,10.3,1.0,2.0,No,Yes,3.0,1.0,4.0,No,1.0,67.1,75.8,68.6,67.9,Yes
S10199,Female,15.0,Public,Secondary,,0.0,3.0,No,Yes,,1.0,2.0,Yes,,,51.6,62.0,56.4,Yes
S10200,Female,17.0,Private,Secondary,11.8,0.0,3.0,Yes,Yes,3.0,2.0,1.0,Yes,3.0,41.4,60.9,52.0,53.3,Yes
S10201,Male,15.0,Public,Secondary,6.1,0.0,4.0,No,Yes,3.0,1.0,,No,,47.5,,47.7,53.6,Yes
S10202,Male,15.0,Public,Secondary,5.4,0.0,2.0,No,Yes,3.0,1.0,,No,4.0,64.5,62.1,52.9,63.9,Yes
S10203,Female,16.0,Public,Bachelor,3.3,0.0,3.0,Yes,Yes,3.0,1.0,3.0,Yes,2.0,45.3,44.1,42.3,41.2,No
S10204,Female,16.0,Public,Bachelor,2.8,0.0,3.0,Yes,Yes,4.0,,3.0,Yes,1.0,47.1,44.8,38.4,,No
S10205,Male,17.0,Private,Bachelor,4.6,1.0,3.0,No,Yes,3.0,1.0,2.0,Yes,,46.2,28.5,30.3,36.4,No
S10206,Male,17.0,Public,Bachelor,,1.0,2.0,No,No,,1.0,1.0,Yes,2.0,,43.8,40.8,32.7,No
S10207,Female,16.0,Private,Bachelor,17.8,0.0,3.0,No,Yes,3.0,1.0,1.0,No,1.0,61.8,61.3,68.8,65.3,Yes
S10208,Male,16.0,Public,Secondary,7.9,0.0,1.0,No,Yes,4.0,,1.0,Yes,2.0,56.4,49.9,52.8,60.8,Yes
S10209,Male,19.0,Private,Bachelor,10.7,0.0,5.0,No,Yes,,1.0,3.0,No,2.0,44.4,35.6,26.7,36.6,No
S10210,Female,16.0,Private,Secondary,11.6,0.0,4.0,No,Yes,,1.0,1.0,Yes,3.0,61.2,49.6,43.3,46.0,No
S10211,Female,16.0,Private,Bachelor,10.5,0.0,3.0,No,Yes,,3.0,2.0,No,2.0,60.3,66.4,54.5,60.5,Yes
S10212,Female,15.0,Public,Secondary,9.7,,4.0,Yes,Yes,4.0,1.0,2.0,No,3.0,60.1,60.8,61.7,55.9,Yes
S10213,Male,17.0,Private,Bachelor,5.2,,,No,Yes,3.0,1.0,2.0,Yes,3.0,46.9,40.3,47.7,48.6,No
S10214,Female,17.0,Public,Secondary,15.8,0.0,3.0,No,Yes,4.0,1.0,,Yes,3.0,64.3,64.7,58.7,64.8,Yes
S10215,Male,15.0,Public,Primary,17.2,0.0,4.0,No,Yes,2.0,1.0,1.0,No,5.0,48.2,51.7,57.3,51.3,Yes
S10216,Male,15.0,Private,Secondary,3.3,,3.0,No,Yes,3.0,1.0,3.0,Yes,1.0,44.0,38.9,,41.5,No
S10217,Female,17.0,Public,,5.9,0.0,4.0,No,Yes,3.0,1.0,1.0,Yes,5.0,46.5,55.6,51.3,49.8,No
S10218,Female,17.0,Private,Bachelor,8.9,1.0,2.0,Yes,Yes,,5.0,1.0,Yes,3.0,85.5,74.9,84.3,82.0,Yes
S10219,Female,16.0,Public,Bachelor,6.1,0.0,5.0,Yes,Yes,3.0,1.0,1.0,Yes,4.0,44.8,46.0,,42.8,No
S10220,Female,19.0,Public,Secondary,12.0,0.0,4.0,Yes,No,3.0,1.0,,No,3.0,54.2,50.4,62.0,49.8,No
S10221,Female,,Public,Secondary,7.1,0.0,2.0,Yes,Yes,,1.0,3.0,Yes,3.0,57.2,48.2,57.4,,Yes
S10222,Male,16.0,Public,Primary,18.7,0.0,3.0,No,No,5.0,1.0,2.0,No,4.0,57.9,56.6,50.3,53.7,Yes
S10223,Male,18.0,Public,,14.8,3.0,4.0,Yes,Yes,2.0,1.0,1.0,Yes,,62.1,57.9,58.3,60.4,Yes
S10224,Male,16.0,Public,Secondary,10.9,,4.0,Yes,Yes,1.0,1.0,1.0,Yes,2.0,34.3,23.0,,30.2,No
S10225,Male,17.0,Public,Master,14.1,0.0,4.0,No,Yes,3.0,3.0,,Yes,,56.5,58.3,62.8,60.2,Yes
S10226,Female,16.0,Public,Secondary,14.4,0.0,5.0,No,Yes,5.0,1.0,3.0,Yes,3.0,65.1,58.1,63.8,57.9,Yes
S10227,Male,16.0,Public,Secondary,7.7,2.0,2.0,Yes,Yes,5.0,2.0,1.0,Yes,5.0,46.4,40.2,42.9,36.8,No
S10228,Female,19.0,Public,Primary,6.7,0.0,3.0,No,Yes,4.0,1.0,2.0,Yes,2.0,45.1,50.9,46.2,44.8,No
S10229,Female,16.0,Public,Secondary,10.3,0.0,3.0,No,Yes,4.0,1.0,3.0,Yes,3.0,60.3,52.5,59.8,59.4,Yes
S10230,Female,18.0,Public,Secondary,,0.0,3.0,Yes,Yes,3.0,1.0,2.0,No,4.0,68.4,52.3,69.0,,Yes
S10231,Female,,Public,Bachelor,10.6,0.0,2.0,Yes,Yes,5.0,1.0,1.0,Yes,4.0,53.5,63.4,71.6,60.5,Yes
S10232,Female,15.0,Private,Secondary,3.7,0.0,3.0,No,Yes,2.0,3.0,2.0,Yes,3.0,47.5,41.5,48.9,,Yes
S10233,Female,15.0,Private,Primary,6.8,0.0,2.0,No,Yes,2.0,1.0,2.0,Yes,3.0,58.1,55.5,57.7,49.8,No
S10234,Male,17.0,Public,Secondary,9.7,0.0,6.0,No,No,2.0,1.0,3.0,Yes,5.0,56.8,48.1,41.9,46.7,No
S10235,Female,16.0,Public,Secondary,9.7,1.0,4.0,Yes,Yes,3.0,4.0,2.0,Yes,3.0,60.2,61.5,,67.4,Yes
S10236,Male,18.0,Private,Secondary,17.9,0.0,2.0,No,Yes,,3.0,5.0,Yes,4.0,67.7,,80.8,72.3,Yes
S10237,Male,16.0,Public,Master,4.5,0.0,,No,Yes,3.0,2.0,1.0,Yes,2.0,29.9,38.2,22.2,,No
S10238,Female,19.0,Public,Bachelor,12.0,0.0,4.0,Yes,Yes,5.0,,5.0,Yes,3.0,60.5,50.1,72.3,,Yes
S10239,Male,15.0,Public,Secondary,16.0,0.0,4.0,No,Yes,3.0,1.0,2.0,Yes,2.0,47.9,43.7,42.3,45.2,No
S10240,Female,18.0,Private,Secondary,19.1,0.0,2.0,No,No,2.0,2.0,2.0,Yes,2.0,76.3,89.1,87.3,,Yes
S10241,Female,17.0,Public,Secondary,8.4,0.0,6.0,Yes,Yes,,1.0,1.0,Yes,4.0,49.3,44.0,44.8,47.1,No
S10242,Female,17.0,Public,Secondary,12.0,0.0,3.0,No,No,,3.0,1.0,No,3.0,68.6,,67.6,62.4,Yes
S10243,Male,17.0,Private,Bachelor,12.3,0.0,,No,Yes,4.0,2.0,3.0,Yes,,58.5,64.9,52.8,54.6,Yes
S10244,Male,17.0,Private,Bachelor,10.8,0.0,3.0,Yes,Yes,3.0,1.0,3.0,Yes,2.0,52.6,43.4,62.8,52.4,Yes
S10245,Female,17.0,Public,Secondary,,0.0,1.0,No,Yes,3.0,2.0,1.0,Yes,3.0,44.2,42.6,,42.9,No
S10246,Male,,Public,Secondary,11.7,0.0,2.0,Yes,Yes,3.0,1.0,2.0,No,3.0,69.8,77.6,79.2,75.0,Yes
S10247,Female,15.0,Private,Secondary,,0.0,,No,Yes,4.0,1.0,,Yes,3.0,56.0,59.2,50.4,,Yes
S10248,Female,18.0,Public,Master,12.7,,2.0,Yes,Yes,5.0,1.0,5.0,Yes,,79.3,68.7,81.3,80.1,Yes
S10249,Female,17.0,Public,Bachelor,10.5,,3.0,Yes,Yes,1.0,,,No,4.0,58.6,64.2,61.5,65.7,Yes
S10250,Male,17.0,Public,Secondary,9.1,1.0,3.0,No,No,4.0,1.0,1.0,Yes,4.0,51.2,52.3,,52.4,Yes
S10251,Male,16.0,Private,Primary,18.2,0.0,2.0,No,Yes,3.0,1.0,4.0,Yes,2.0,53.5,54.0,52.3,55.3,Yes
S10252,Female,15.0,Public,Bachelor,7.3,0.0,,No,Yes,3.0,,4.0,Yes,2.0,64.1,,47.8,57.9,Yes
S10253,Male,15.0,Private,Primary,8.4,0.0,1.0,No,Yes,5.0,4.0,1.0,Yes,3.0,49.6,46.9,41.3,47.6,No
S10254,Male,,Private,Secondary,18.0,1.0,,Yes,Yes,3.0,1.0,3.0,No,3.0,49.6,,,56.1,Yes
S10255,Female,16.0,Public,Secondary,6.7,0.0,3.0,No,No,3.0,2.0,1.0,Yes,4.0,41.4,35.3,,39.5,No
S10256,Female,15.0,Public,Bachelor,7.8,,3.0,No,No,,,2.0,Yes,3.0,63.6,65.0,48.7,61.6,Yes
S10257,Female,16.0,Public,Secondary,9.4,,4.0,Yes,Yes,3.0,1.0,1.0,Yes,3.0,59.2,60.6,60.6,,Yes
S10258,Female,15.0,Public,Secondary,13.4,1.0,4.0,No,Yes,4.0,1.0,1.0,No,3.0,49.7,56.9,50.9,51.1,Yes
S10259,Male,16.0,Public,Master,10.8,0.0,1.0,No,Yes,4.0,2.0,1.0,Yes,2.0,,80.7,70.6,69.9,Yes
S10260,Female,,Private,Secondary,4.8,,4.0,No,Yes,5.0,3.0,1.0,Yes,2.0,,56.9,39.3,46.1,No
S10261,Other,17.0,Public,Secondary,7.9,0.0,2.0,No,Yes,3.0,2.0,3.0,Yes,3.0,65.8,,59.0,56.5,Yes
S10262,Male,16.0,Private,Secondary,7.6,0.0,1.0,Yes,Yes,2.0,1.0,1.0,Yes,1.0,84.2,85.3,84.5,89.0,Yes
S10263,Female,16.0,Public,,9.7,0.0,3.0,No,No,1.0,3.0,1.0,Yes,5.0,67.0,55.6,67.7,66.5,Yes
S10264,Female,,Public,Bachelor,11.7,,4.0,No,No,3.0,1.0,,Yes,4.0,74.6,62.3,62.4,,Yes
S10265,Female,15.0,Public,Primary,11.7,0.0,0.0,No,Yes,5.0,1.0,1.0,Yes,4.0,63.6,51.2,60.2,61.8,Yes
S10266,Female,16.0,Public,Secondary,2.9,0.0,4.0,No,Yes,4.0,2.0,2.0,Yes,5.0,59.2,64.4,60.1,64.6,Yes
S10267,Female,16.0,Public,Secondary,14.3,0.0,3.0,No,No,3.0,1.0,5.0,Yes,3.0,41.7,42.6,46.3,42.7,No
S10268,Male,,Public,Bachelor,11.0,,4.0,No,Yes,4.0,2.0,4.0,Yes,4.0,,62.0,74.8,62.9,Yes
S10269,Male,16.0,Public,Bachelor,15.5,0.0,0.0,No,Yes,4.0,1.0,1.0,Yes,2.0,64.2,72.4,70.0,67.6,Yes
S10270,Female,17.0,Public,Secondary,11.8,,2.0,No,Yes,1.0,3.0,1.0,No,1.0,61.7,54.9,61.8,59.3,Yes
S10271,Female,18.0,Public,,,1.0,,No,Yes,,,5.0,Yes,4.0,63.7,55.0,58.6,,Yes
S10272,Female,17.0,Public,Bachelor,11.9,0.0,4.0,No,No,3.0,1.0,1.0,Yes,1.0,40.1,43.2,49.9,45.4,No
S10273,Female,15.0,Public,Secondary,,0.0,4.0,No,Yes,2.0,2.0,1.0,Yes,5.0,75.9,,76.8,79.3,Yes
S10274,Female,16.0,Private,Bachelor,12.1,0.0,2.0,Yes,Yes,3.0,1.0,1.0,No,,72.3,67.9,71.3,72.5,Yes
S10275,Female,15.0,Public,Bachelor,9.6,1.0,1.0,No,Yes,3.0,1.0,1.0,Yes,4.0,53.9,66.1,51.0,57.8,Yes
S10276,Female,15.0,Public,Bachelor,19.1,0.0,2.0,Yes,No,,5.0,3.0,Yes,,67.7,65.6,63.4,68.7,Yes
S10277,Female,,Public,Secondary,13.6,0.0,3.0,No,No,3.0,1.0,3.0,Yes,3.0,69.0,58.2,58.2,61.8,Yes
S10278,Female,15.0,Public,Secondary,12.3,0.0,2.0,No,Yes,2.0,4.0,5.0,Yes,,73.9,72.3,60.1,70.1,Yes
S10279,Female,16.0,Public,Bachelor,4.9,0.0,,No,Yes,4.0,1.0,3.0,No,4.0,57.3,49.4,60.3,54.2,Yes
S10280,Female,17.0,Public,Secondary,4.8,,3.0,No,Yes,5.0,1.0,,Yes,2.0,59.1,47.4,42.6,48.3,No
S10281,Male,17.0,Public,Secondary,,1.0,,No,Yes,4.0,2.0,1.0,Yes,3.0,57.5,80.9,55.5,69.3,Yes
S10282,Male,16.0,Public,Bachelor,10.6,0.0,1.0,Yes,Yes,3.0,1.0,5.0,No,2.0,80.0,81.8,78.3,71.9,Yes
S10283,Male,15.0,Public,Master,7.5,0.0,3.0,No,Yes,3.0,1.0,1.0,Yes,1.0,50.1,58.1,,57.4,Yes
S10284,Female,16.0,Public,Secondary,10.6,0.0,4.0,No,Yes,3.0,1.0,1.0,No,3.0,60.2,51.1,53.8,53.1,Yes
S10285,Male,16.0,Public,Primary,16.4,0.0,3.0,No,Yes,2.0,2.0,4.0,Yes,2.0,,81.8,75.5,,Yes
S10286,Male,15.0,Private,Secondary,12.8,0.0,,No,Yes,3.0,1.0,2.0,Yes,4.0,68.4,65.1,62.5,66.7,Yes
S10287,Female,16.0,Public,Bachelor,5.4,0.0,2.0,No,No,4.0,1.0,1.0,No,2.0,68.0,77.1,70.3,65.5,Yes
S10288,Male,15.0,Public,Master,9.6,0.0,4.0,No,Yes,4.0,1.0,,Yes,2.0,40.7,59.4,58.9,48.5,No
S10289,Female,15.0,Public,Secondary,6.8,0.0,1.0,No,Yes,4.0,1.0,5.0,Yes,3.0,42.7,42.9,,42.7,No
S10290,Male,16.0,Public,Primary,8.4,2.0,4.0,No,No,3.0,1.0,1.0,Yes,2.0,66.0,56.8,64.5,61.9,Yes
S10291,Male,15.0,Public,Master,8.3,0.0,1.0,Yes,Yes,3.0,1.0,4.0,Yes,3.0,51.0,44.9,45.7,44.4,No
S10292,Female,16.0,Public,Secondary,8.1,,,No,Yes,4.0,1.0,1.0,Yes,4.0,53.6,45.1,54.0,57.6,Yes
S10293,Male,17.0,Public,Secondary,5.0,0.0,1.0,No,Yes,3.0,1.0,2.0,Yes,,56.8,57.2,59.7,65.0,Yes
S10294,Male,17.0,Public,Master,9.5,0.0,1.0,Yes,Yes,3.0,1.0,,Yes,1.0,,45.1,47.7,40.2,No
S10295,Female,15.0,Public,Primary,7.8,0.0,2.0,Yes,Yes,,1.0,5.0,Yes,2.0,48.5,61.2,52.8,55.8,Yes
S10296,Female,15.0,Public,Bachelor,0.5,0.0,4.0,No,Yes,3.0,1.0,1.0,No,3.0,47.3,63.5,49.6,56.3,Yes
S10297,Male,15.0,Public,Primary,18.2,0.0,3.0,No,No,2.0,3.0,1.0,Yes,3.0,61.4,59.2,65.0,64.0,Yes
S10298,Female,17.0,Public,Secondary,14.4,0.0,4.0,Yes,Yes,4.0,1.0,1.0,Yes,3.0,68.8,82.0,76.8,72.5,Yes
S10299,Male,17.0,Public,Bachelor,8.5,3.0,2.0,No,Yes,4.0,,,Yes,4.0,63.0,74.6,71.5,68.1,Yes
S10300,Male,15.0,Private,Secondary,10.1,0.0,3.0,No,Yes,,,,Yes,1.0,46.1,43.9,48.0,43.0,No
S10301,Female,18.0,Public,Doctorate,5.3,0.0,5.0,Yes,Yes,,1.0,1.0,Yes,3.0,58.5,44.9,50.1,50.2,Yes
S10302,Female,15.0,Public,Secondary,16.8,2.0,5.0,Yes,Yes,4.0,,1.0,Yes,3.0,67.2,60.0,58.8,,Yes
S10303,Female,16.0,Public,Secondary,17.6,0.0,3.0,No,Yes,3.0,5.0,1.0,No,,77.0,71.0,79.9,75.6,Yes
S10304,Female,17.0,Private,Secondary,10.6,0.0,4.0,Yes,Yes,3.0,1.0,1.0,No,5.0,69.8,63.6,77.7,,Yes
S10305,Female,18.0,Public,Secondary,14.1,,4.0,No,Yes,2.0,1.0,3.0,Yes,3.0,71.4,,59.1,,Yes
S10306,Female,17.0,Public,Secondary,10.7,,3.0,No,Yes,3.0,1.0,1.0,Yes,5.0,65.9,60.6,63.7,58.7,Yes
S10307,Male,17.0,Public,Primary,,3.0,2.0,Yes,Yes,4.0,1.0,1.0,Yes,2.0,51.7,54.9,48.9,52.6,Yes
S10308,Female,16.0,Public,Secondary,8.4,3.0,3.0,Yes,No,4.0,3.0,4.0,Yes,1.0,38.9,31.6,33.6,32.4,No
S10309,Male,17.0,Public,Secondary,10.5,,3.0,Yes,Yes,3.0,1.0,,Yes,2.0,64.0,59.8,54.0,60.9,Yes
S10310,Male,15.0,Public,Bachelor,8.2,1.0,5.0,Yes,Yes,3.0,1.0,1.0,Yes,3.0,69.2,65.2,55.3,68.2,Yes
S10311,Male,18.0,Private,Bachelor,9.1,0.0,3.0,Yes,Yes,2.0,1.0,1.0,Yes,,62.6,,62.7,66.9,Yes
S10312,Male,16.0,Public,Bachelor,9.6,0.0,2.0,No,Yes,2.0,,3.0,Yes,,64.7,64.0,45.3,48.6,No
S10313,Female,17.0,Public,,9.7,0.0,4.0,Yes,Yes,5.0,1.0,1.0,No,3.0,46.2,41.8,48.7,,No
S10314,Female,16.0,Private,Secondary,10.2,0.0,4.0,No,Yes,4.0,3.0,3.0,Yes,2.0,38.4,30.1,25.3,30.8,No
S10315,Female,17.0,Public,Bachelor,5.8,,1.0,No,Yes,3.0,1.0,1.0,Yes,,,48.5,44.1,49.2,No
S10316,Male,16.0,Public,Secondary,7.1,2.0,5.0,Yes,Yes,4.0,1.0,1.0,Yes,2.0,49.6,48.7,60.2,45.9,No
S10317,Male,17.0,Public,,4.9,0.0,2.0,Yes,No,,2.0,1.0,No,,39.9,49.6,,40.8,No
S10318,Male,15.0,Public,Bachelor,13.9,,1.0,Yes,Yes,4.0,1.0,3.0,No,2.0,53.1,44.0,43.5,48.0,No
S10319,Male,15.0,Public,Bachelor,1.6,0.0,2.0,Yes,No,1.0,1.0,4.0,Yes,4.0,50.5,40.0,39.5,44.4,No
S10320,Female,15.0,Private,Secondary,14.6,1.0,5.0,No,Yes,2.0,1.0,1.0,Yes,3.0,,58.6,59.3,64.6,Yes
S10321,Female,15.0,Public,Primary,,0.0,4.0,Yes,Yes,,1.0,2.0,No,3.0,80.2,83.2,77.7,82.1,Yes
S10322,Female,18.0,Public,Bachelor,8.8,0.0,5.0,No,Yes,3.0,,1.0,Yes,2.0,75.0,66.4,,72.4,Yes
S10323,Male,15.0,Public,Bachelor,0.5,0.0,4.0,No,No,5.0,3.0,1.0,No,3.0,,40.2,48.2,45.5,No
S10324,Female,19.0,Private,Bachelor,8.6,0.0,,No,No,4.0,1.0,4.0,Yes,3.0,67.0,77.1,54.2,66.4,Yes
S10325,Female,16.0,Private,Bachelor,9.7,0.0,2.0,No,Yes,5.0,2.0,1.0,Yes,3.0,46.4,49.9,50.6,51.4,Yes
S10326,Female,15.0,Private,Bachelor,6.0,,1.0,No,Yes,3.0,,4.0,Yes,2.0,53.3,51.9,43.6,41.0,No
S10327,Female,17.0,Public,Secondary,7.9,,4.0,Yes,Yes,4.0,1.0,2.0,Yes,2.0,46.5,58.9,55.0,,Yes
S10328,Male,17.0,Public,Secondary,16.1,0.0,2.0,Yes,Yes,3.0,1.0,4.0,Yes,,64.8,72.3,,,Yes
S10329,Male,16.0,Public,Bachelor,12.7,0.0,2.0,No,Yes,5.0,4.0,3.0,Yes,3.0,61.0,68.3,72.7,62.4,Yes
S10330,Male,16.0,Public,Bachelor,6.3,0.0,3.0,Yes,No,2.0,2.0,1.0,No,3.0,59.0,57.6,,56.7,Yes
S10331,Female,17.0,Public,Bachelor,3.6,3.0,4.0,No,Yes,3.0,2.0,1.0,Yes,3.0,34.3,38.2,40.0,39.9,No
S10332,Male,15.0,Public,Secondary,8.7,0.0,,No,Yes,,1.0,1.0,Yes,,56.1,,67.2,47.0,No
S10333,Male,19.0,Public,Secondary,9.1,0.0,3.0,No,Yes,3.0,1.0,1.0,Yes,3.0,65.0,56.6,65.6,62.5,Yes
S10334,Male,19.0,Public,Master,12.0,0.0,4.0,No,Yes,3.0,1.0,1.0,Yes,,78.7,84.2,76.6,82.9,Yes
S10335,Male,17.0,Public,Bachelor,7.9,0.0,2.0,No,Yes,5.0,3.0,1.0,Yes,5.0,41.6,38.2,51.0,47.4,No
S10336,Female,15.0,Public,Master,12.0,0.0,3.0,No,Yes,3.0,1.0,5.0,Yes,4.0,62.5,54.5,62.4,57.3,Yes
S10337,Female,,Public,Bachelor,17.7,0.0,2.0,No,No,4.0,1.0,,Yes,2.0,,44.9,61.3,50.7,Yes
S10338,Male,15.0,Public,Bachelor,13.3,0.0,5.0,No,Yes,2.0,1.0,3.0,Yes,,57.3,61.1,60.6,57.0,Yes
S10339,Male,15.0,Public,Bachelor,9.8,0.0,7.0,No,Yes,4.0,1.0,4.0,No,4.0,56.7,54.2,52.0,,Yes
S10340,Female,,Private,Master,9.3,0.0,4.0,No,Yes,,,4.0,Yes,4.0,57.0,63.4,56.9,54.8,Yes
S10341,Male,16.0,Public,Bachelor,,0.0,2.0,No,Yes,3.0,3.0,1.0,No,,49.4,52.4,48.6,,No
S10342,Male,18.0,Public,Bachelor,14.7,0.0,0.0,No,Yes,1.0,1.0,1.0,Yes,3.0,41.1,,43.8,42.6,No
S10343,Male,17.0,Public,Secondary,7.5,0.0,3.0,No,Yes,3.0,3.0,1.0,Yes,3.0,,27.8,42.9,37.9,No
S10344,Male,17.0,Private,Secondary,10.2,,3.0,No,Yes,1.0,2.0,1.0,No,3.0,,60.1,54.4,58.5,Yes
S10345,Female,16.0,Public,Bachelor,10.2,1.0,2.0,Yes,No,1.0,1.0,1.0,Yes,3.0,57.6,49.8,52.1,54.5,Yes
S10346,Female,16.0,Public,Secondary,8.0,0.0,1.0,No,Yes,4.0,,3.0,Yes,2.0,56.9,54.9,50.8,57.3,Yes
S10347,Male,16.0,Public,Secondary,4.5,0.0,7.0,Yes,Yes,,1.0,1.0,Yes,5.0,58.4,62.9,81.5,70.2,Yes
S10348,Male,19.0,Public,Secondary,11.3,,4.0,No,No,,3.0,2.0,Yes,,46.3,41.2,40.9,36.2,No
S10349,Female,15.0,Public,Secondary,9.8,0.0,7.0,No,Yes,4.0,1.0,5.0,Yes,3.0,57.1,66.1,63.2,58.2,Yes
S10350,Female,,Public,Secondary,,1.0,4.0,No,No,2.0,1.0,1.0,No,2.0,89.7,64.4,62.8,73.1,Yes
S10351,Female,16.0,Private,Secondary,7.9,0.0,2.0,Yes,Yes,3.0,1.0,1.0,Yes,2.0,34.9,31.2,33.8,33.4,No
S10352,Female,16.0,Public,Master,14.9,0.0,2.0,No,Yes,2.0,1.0,3.0,Yes,3.0,73.1,63.5,64.5,,Yes
S10353,Male,17.0,Private,Secondary,6.5,1.0,4.0,No,No,3.0,1.0,1.0,No,3.0,38.8,49.8,44.2,47.4,No
S10354,Male,,Public,Secondary,16.8,1.0,2.0,Yes,No,4.0,1.0,,Yes,3.0,,18.8,26.6,36.1,No
S10355,Female,18.0,Public,Primary,3.0,0.0,5.0,Yes,Yes,,2.0,1.0,Yes,,44.6,34.5,35.5,39.6,No
S10356,Male,18.0,Private,Bachelor,11.7,0.0,4.0,No,Yes,3.0,2.0,4.0,Yes,3.0,67.7,61.8,62.8,64.8,Yes
S10357,Female,16.0,Public,Secondary,11.9,0.0,0.0,No,Yes,2.0,1.0,1.0,Yes,4.0,73.6,73.4,80.4,79.0,Yes
S10358,Female,16.0,Public,Bachelor,6.8,0.0,0.0,Yes,No,2.0,1.0,1.0,Yes,1.0,66.6,65.7,,60.5,Yes
S10359,Female,16.0,Public,Bachelor,11.7,2.0,4.0,No,Yes,3.0,3.0,2.0,Yes,,44.2,53.6,61.4,52.3,Yes
S10360,Male,,Public,Bachelor,15.1,1.0,2.0,No,Yes,5.0,1.0,1.0,Yes,4.0,60.6,66.3,64.3,67.3,Yes
S10361,Female,15.0,Public,Secondary,1.1,0.0,,No,Yes,3.0,3.0,1.0,Yes,3.0,71.6,74.0,73.3,70.3,Yes
S10362,Male,17.0,Public,Bachelor,,,5.0,No,Yes,3.0,1.0,,Yes,3.0,81.4,86.1,81.1,77.8,Yes
S10363,Female,17.0,Public,Secondary,0.5,1.0,3.0,No,Yes,2.0,1.0,1.0,Yes,3.0,38.3,,,38.2,No
S10364,Female,17.0,Public,Master,6.1,0.0,4.0,No,Yes,4.0,1.0,2.0,Yes,,41.0,,30.5,34.2,No
S10365,Male,15.0,Public,Bachelor,16.5,0.0,0.0,No,No,4.0,,2.0,Yes,1.0,48.8,41.2,39.7,40.2,No
S10366,Female,17.0,Public,Secondary,7.7,0.0,2.0,Yes,Yes,,3.0,2.0,Yes,3.0,58.4,66.3,64.7,71.0,Yes
S10367,Female,18.0,Public,Secondary,5.3,0.0,3.0,Yes,No,4.0,1.0,2.0,No,1.0,52.8,48.2,56.4,50.6,Yes
S10368,Male,15.0,Public,Secondary,9.2,,3.0,No,Yes,3.0,1.0,1.0,Yes,2.0,72.3,49.4,,56.9,Yes
S10369,Male,,Public,Bachelor,18.3,0.0,2.0,No,Yes,2.0,1.0,1.0,Yes,,40.7,44.0,49.8,44.0,No
S10370,Male,19.0,Public,Secondary,2.7,0.0,3.0,No,Yes,3.0,2.0,3.0,Yes,2.0,,40.8,36.2,43.8,No
S10371,Male,15.0,Private,Bachelor,5.8,0.0,2.0,No,Yes,4.0,1.0,4.0,Yes,5.0,65.3,55.9,60.4,61.1,Yes
S10372,Male,18.0,Public,Secondary,,0.0,,No,Yes,4.0,,1.0,Yes,5.0,70.5,65.1,59.9,67.6,Yes
S10373,Female,16.0,Public,Bachelor,17.4,0.0,4.0,No,Yes,3.0,1.0,1.0,No,2.0,57.9,,51.5,54.2,Yes
S10374,Male,15.0,Public,Bachelor,9.6,,,Yes,No,4.0,1.0,1.0,No,3.0,49.5,38.4,43.6,50.4,Yes
S10375,Male,18.0,Public,Bachelor,5.0,1.0,1.0,No,No,4.0,2.0,2.0,No,3.0,45.6,47.1,59.7,52.5,Yes
S10376,Female,16.0,Public,Bachelor,18.4,0.0,4.0,Yes,Yes,4.0,1.0,,No,4.0,73.3,69.4,72.5,,Yes
S10377,Male,16.0,Private,Secondary,16.4,0.0,1.0,No,No,3.0,1.0,1.0,No,3.0,64.6,54.7,61.6,62.2,Yes
S10378,Female,,Public,Primary,12.7,0.0,5.0,Yes,Yes,4.0,1.0,3.0,Yes,1.0,60.1,58.5,60.9,63.2,Yes
S10379,Male,16.0,Private,Bachelor,6.8,1.0,1.0,No,Yes,3.0,,1.0,Yes,4.0,46.6,51.0,44.0,43.6,No
S10380,Male,15.0,Private,Secondary,9.8,0.0,4.0,Yes,No,4.0,1.0,1.0,No,4.0,21.8,,21.0,19.9,No
S10381,Female,16.0,Private,Secondary,9.4,0.0,3.0,Yes,Yes,5.0,,3.0,Yes,3.0,43.1,58.9,51.0,55.6,Yes
S10382,Female,19.0,Private,Primary,11.3,0.0,2.0,Yes,Yes,3.0,1.0,1.0,Yes,5.0,47.1,49.6,53.9,56.1,Yes
S10383,Female,16.0,Public,Secondary,15.8,0.0,,No,Yes,4.0,1.0,1.0,Yes,5.0,75.4,60.0,65.6,63.3,Yes
S10384,Female,17.0,Public,Primary,13.5,0.0,1.0,No,Yes,4.0,1.0,5.0,Yes,3.0,91.7,96.4,84.2,91.9,Yes
S10385,Female,16.0,Public,Master,5.7,0.0,2.0,No,Yes,2.0,1.0,4.0,Yes,3.0,63.5,65.4,,61.5,Yes
S10386,Male,17.0,Public,Secondary,15.5,0.0,1.0,No,Yes,3.0,4.0,3.0,Yes,5.0,93.8,80.8,84.5,84.3,Yes
S10387,Male,15.0,Public,Secondary,11.3,0.0,3.0,No,Yes,2.0,3.0,1.0,Yes,2.0,62.3,72.7,,66.7,Yes
S10388,Female,,Public,Primary,12.7,0.0,1.0,No,Yes,5.0,1.0,1.0,No,2.0,62.6,51.4,59.2,,Yes
S10389,Female,16.0,Public,Bachelor,15.9,0.0,1.0,No,Yes,4.0,1.0,4.0,Yes,2.0,68.7,64.6,64.8,68.1,Yes
S10390,Other,15.0,Public,Secondary,5.6,0.0,2.0,Yes,Yes,2.0,4.0,2.0,No,4.0,75.5,65.4,70.4,69.7,Yes
S10391,Male,15.0,Public,Master,9.9,,,No,Yes,2.0,1.0,,Yes,4.0,74.2,,86.4,82.5,Yes
S10392,Male,15.0,Public,Master,7.9,0.0,6.0,No,Yes,3.0,1.0,1.0,Yes,2.0,55.6,53.3,55.1,53.3,Yes
S10393,Female,16.0,Public,Secondary,3.7,0.0,2.0,No,Yes,,2.0,1.0,Yes,5.0,56.1,57.9,,58.8,Yes
S10394,Male,16.0,Private,Master,11.4,0.0,3.0,No,Yes,,1.0,5.0,Yes,4.0,48.0,41.6,56.7,,Yes
S10395,Female,17.0,Public,Doctorate,20.0,1.0,5.0,No,No,3.0,1.0,2.0,Yes,4.0,72.7,76.0,74.7,,Yes
S10396,Female,16.0,Public,Bachelor,2.6,2.0,5.0,Yes,Yes,3.0,4.0,1.0,No,1.0,58.3,68.9,50.9,62.4,Yes
S10397,Male,15.0,Public,Bachelor,9.9,0.0,0.0,No,Yes,2.0,1.0,1.0,Yes,3.0,63.0,54.1,63.8,54.4,Yes
S10398,Female,17.0,Public,Secondary,12.6,0.0,3.0,No,Yes,4.0,1.0,1.0,No,3.0,55.7,41.5,41.4,52.1,Yes
S10399,Female,17.0,Public,Bachelor,10.5,0.0,,No,Yes,5.0,1.0,1.0,Yes,3.0,62.7,64.3,64.0,61.0,Yes
S10400,Male,15.0,Public,Primary,9.5,1.0,1.0,No,No,,1.0,1.0,Yes,3.0,58.0,46.9,47.1,46.5,No
S10401,Female,,Public,Primary,4.8,,1.0,No,Yes,4.0,2.0,1.0,Yes,4.0,51.9,53.1,50.0,54.5,Yes
S10402,Female,15.0,Public,Doctorate,10.9,0.0,0.0,No,Yes,3.0,1.0,3.0,Yes,3.0,68.1,59.8,60.7,64.8,Yes
S10403,Female,17.0,Public,Secondary,,1.0,3.0,Yes,Yes,3.0,,1.0,Yes,,48.2,56.9,45.3,,No
S10404,Male,17.0,Public,Bachelor,1.2,0.0,2.0,Yes,Yes,3.0,4.0,5.0,Yes,2.0,63.0,59.5,59.4,55.9,Yes
S10405,Female,16.0,Public,Bachelor,14.8,,1.0,No,Yes,4.0,1.0,1.0,Yes,2.0,84.9,72.4,73.0,76.8,Yes
S10406,Male,17.0,Public,Bachelor,13.8,0.0,6.0,No,Yes,5.0,1.0,2.0,Yes,,53.1,45.4,44.6,43.4,No
S10407,Male,17.0,Public,Doctorate,10.2,0.0,0.0,Yes,Yes,4.0,1.0,1.0,Yes,3.0,58.9,56.2,53.8,,Yes
S10408,Female,16.0,Private,Secondary,10.9,1.0,1.0,No,Yes,4.0,1.0,3.0,Yes,3.0,55.3,64.1,46.9,55.9,Yes
S10409,Male,18.0,Public,Primary,14.3,0.0,3.0,No,No,4.0,1.0,5.0,Yes,,63.7,,64.0,58.0,Yes
S10410,Male,15.0,Public,Secondary,,0.0,2.0,No,Yes,3.0,,,Yes,3.0,67.0,,,64.4,Yes
S10411,Female,15.0,Public,Secondary,13.6,0.0,2.0,Yes,Yes,3.0,3.0,2.0,Yes,3.0,51.7,67.6,,60.8,Yes
S10412,Female,16.0,Public,Primary,8.8,2.0,6.0,No,No,2.0,1.0,1.0,Yes,3.0,55.0,51.3,43.5,49.8,No
S10413,Female,15.0,Public,Secondary,15.2,0.0,3.0,No,Yes,1.0,1.0,3.0,Yes,1.0,,55.3,59.1,57.0,Yes
S10414,Female,16.0,Public,Bachelor,11.3,0.0,1.0,No,Yes,4.0,1.0,4.0,Yes,2.0,64.6,71.8,74.6,77.8,Yes
S10415,Male,18.0,Private,Secondary,10.8,0.0,3.0,No,Yes,3.0,1.0,5.0,No,3.0,,59.2,59.2,55.8,Yes
S10416,Male,15.0,Public,Secondary,4.9,0.0,4.0,Yes,Yes,3.0,1.0,1.0,Yes,3.0,42.1,38.3,,46.9,No
S10417,Male,15.0,Public,Bachelor,11.1,0.0,,No,Yes,3.0,4.0,5.0,Yes,4.0,67.4,67.6,62.5,70.3,Yes
S10418,Female,16.0,Public,Secondary,,0.0,2.0,Yes,Yes,3.0,1.0,1.0,Yes,,60.3,54.6,67.4,64.1,Yes
S10419,Female,18.0,Public,,7.4,,1.0,Yes,No,3.0,1.0,1.0,No,,42.8,42.9,48.0,49.6,No
S10420,Female,16.0,Public,Bachelor,6.7,2.0,3.0,No,No,3.0,1.0,1.0,Yes,3.0,46.3,62.2,39.8,50.2,Yes
S10421,Female,16.0,Public,Bachelor,5.7,0.0,5.0,No,Yes,3.0,1.0,1.0,No,5.0,71.3,50.9,46.4,55.4,Yes
S10422,Male,15.0,Private,Bachelor,18.5,0.0,4.0,No,Yes,4.0,1.0,3.0,Yes,2.0,60.1,,62.0,65.6,Yes
S10423,Female,15.0,Public,Primary,15.3,0.0,,Yes,Yes,,1.0,4.0,Yes,3.0,52.8,56.1,53.3,58.5,Yes
S10424,Male,19.0,Public,Bachelor,17.7,0.0,3.0,No,Yes,4.0,1.0,3.0,No,3.0,,,64.9,70.6,Yes
S10425,Female,19.0,Private,Bachelor,,2.0,3.0,No,Yes,,1.0,2.0,Yes,,66.9,53.7,64.8,62.5,Yes
S10426,Male,15.0,Public,Secondary,10.3,0.0,5.0,No,Yes,4.0,,2.0,Yes,2.0,51.5,,47.4,46.1,No
S10427,Female,19.0,Private,Bachelor,4.8,0.0,1.0,No,Yes,4.0,1.0,3.0,Yes,,,,33.4,39.2,No
S10428,Male,17.0,Public,Bachelor,7.2,0.0,4.0,No,No,3.0,1.0,1.0,Yes,2.0,52.0,34.5,50.7,50.1,Yes
S10429,Male,18.0,Private,Bachelor,6.3,0.0,0.0,No,Yes,1.0,3.0,3.0,Yes,,51.8,47.7,51.8,54.7,Yes
S10430,Male,16.0,Public,Bachelor,15.0,0.0,,Yes,Yes,3.0,1.0,2.0,Yes,,71.2,,59.6,65.3,Yes
S10431,Female,16.0,Private,Doctorate,8.4,0.0,2.0,Yes,No,3.0,1.0,2.0,Yes,,50.1,,46.5,,No
S10432,Female,16.0,Private,Bachelor,14.3,0.0,1.0,No,Yes,5.0,1.0,2.0,No,3.0,59.1,55.4,54.6,,Yes
S10433,Male,17.0,Public,Secondary,12.4,0.0,4.0,No,Yes,4.0,2.0,4.0,Yes,2.0,58.6,65.2,64.1,66.2,Yes
S10434,Male,15.0,Private,Bachelor,19.2,0.0,,No,Yes,2.0,1.0,1.0,Yes,2.0,77.4,73.1,73.4,,Yes
S10435,Female,15.0,Public,Secondary,4.1,0.0,2.0,No,Yes,2.0,1.0,1.0,Yes,2.0,56.3,46.3,61.0,57.9,Yes
S10436,Male,,Public,Secondary,15.0,3.0,,Yes,No,2.0,1.0,3.0,No,1.0,,57.6,59.3,49.5,No
S10437,Female,17.0,Public,Bachelor,14.6,0.0,4.0,Yes,Yes,4.0,1.0,1.0,Yes,5.0,62.8,63.8,63.0,67.3,Yes
S10438,Female,15.0,Public,Master,6.1,0.0,2.0,No,Yes,4.0,1.0,4.0,Yes,3.0,55.8,59.1,51.7,56.8,Yes
S10439,Male,17.0,Public,Master,14.0,0.0,,Yes,Yes,4.0,1.0,1.0,No,4.0,62.9,,60.5,,Yes
S10440,Male,19.0,Public,Secondary,11.3,0.0,3.0,No,Yes,5.0,2.0,,No,3.0,80.3,,87.2,82.9,Yes
S10441,Other,15.0,Public,Secondary,9.1,,,No,Yes,3.0,1.0,4.0,Yes,5.0,69.6,59.9,63.0,62.3,Yes
S10442,Male,17.0,Private,Secondary,,2.0,3.0,No,Yes,3.0,,1.0,Yes,3.0,68.2,76.0,69.0,73.8,Yes
S10443,Male,16.0,Private,Doctorate,7.1,0.0,4.0,No,Yes,3.0,1.0,2.0,Yes,3.0,50.6,63.2,42.2,50.8,Yes
S10444,Female,,Public,Doctorate,18.2,1.0,,No,Yes,3.0,,1.0,Yes,3.0,72.6,57.9,,,Yes
S10445,Female,15.0,Public,Bachelor,10.0,0.0,4.0,No,Yes,5.0,1.0,1.0,No,4.0,42.9,48.1,,41.2,No
S10446,Other,,Public,Bachelor,13.1,0.0,4.0,Yes,Yes,3.0,3.0,2.0,No,3.0,,48.4,47.1,45.2,No
S10447,Female,,Public,Bachelor,6.8,2.0,2.0,No,Yes,4.0,5.0,1.0,Yes,,67.5,71.0,76.6,76.8,Yes
S10448,Male,18.0,Public,Bachelor,6.9,0.0,2.0,No,No,,1.0,4.0,Yes,2.0,50.3,59.2,47.8,55.8,Yes
S10449,Male,17.0,Public,Primary,14.3,,5.0,No,No,1.0,1.0,3.0,Yes,3.0,,75.7,71.4,82.4,Yes
S10450,Female,16.0,Public,Secondary,4.6,0.0,2.0,Yes,Yes,2.0,1.0,1.0,No,3.0,45.8,32.3,39.9,46.6,No
S10451,Female,17.0,Private,Bachelor,8.3,2.0,1.0,No,No,3.0,1.0,2.0,Yes,1.0,49.5,38.5,40.3,41.3,No
S10452,Male,18.0,Public,Bachelor,10.1,0.0,2.0,No,Yes,4.0,1.0,2.0,Yes,3.0,61.6,61.4,55.8,59.0,Yes
S10453,Female,16.0,Public,Secondary,10.4,0.0,4.0,No,Yes,3.0,2.0,1.0,Yes,3.0,61.4,55.3,62.0,58.1,Yes
S10454,Male,15.0,Public,Master,9.3,0.0,2.0,No,Yes,4.0,2.0,1.0,Yes,4.0,66.5,60.3,60.6,60.2,Yes
S10455,Female,18.0,Public,Secondary,11.6,0.0,4.0,No,Yes,4.0,1.0,1.0,Yes,1.0,60.6,55.4,64.0,52.7,Yes
S10456,Male,17.0,Public,Secondary,12.8,0.0,1.0,No,Yes,3.0,1.0,2.0,No,2.0,49.6,57.4,55.4,53.6,Yes
S10457,Male,17.0,Public,Bachelor,12.9,0.0,3.0,Yes,Yes,4.0,1.0,2.0,Yes,4.0,59.2,63.3,58.9,55.2,Yes
S10458,Male,15.0,Public,Bachelor,6.1,0.0,5.0,No,No,,1.0,,Yes,3.0,56.3,50.9,55.8,54.4,Yes
S10459,Male,17.0,Public,Bachelor,8.9,0.0,4.0,No,No,4.0,,3.0,Yes,2.0,49.8,61.6,47.3,61.1,Yes
S10460,Male,16.0,Private,Secondary,14.8,1.0,1.0,No,Yes,4.0,1.0,3.0,No,4.0,,52.6,52.0,52.3,Yes
S10461,Female,,Private,Secondary,13.6,0.0,2.0,No,Yes,5.0,1.0,,Yes,3.0,63.3,66.4,73.3,68.0,Yes
S10462,Female,15.0,Public,Bachelor,4.5,0.0,,Yes,Yes,3.0,1.0,3.0,Yes,3.0,40.3,,32.5,38.7,No
S10463,Female,17.0,Public,Bachelor,11.4,,7.0,Yes,Yes,3.0,1.0,1.0,No,5.0,67.3,66.9,74.6,70.5,Yes
S10464,Female,19.0,Public,Secondary,2.1,0.0,2.0,No,Yes,,2.0,4.0,No,5.0,47.8,,45.7,48.8,No
S10465,Male,15.0,Public,Bachelor,10.2,0.0,3.0,No,Yes,3.0,1.0,2.0,No,3.0,56.4,46.4,48.9,49.7,No
S10466,Male,19.0,Public,Secondary,,0.0,,No,Yes,4.0,1.0,3.0,Yes,2.0,68.7,77.1,66.6,69.7,Yes
S10467,Female,16.0,Public,Bachelor,6.2,2.0,6.0,No,Yes,,1.0,2.0,Yes,2.0,,73.4,,,Yes
S10468,Male,18.0,Public,Bachelor,6.7,1.0,2.0,No,Yes,3.0,1.0,1.0,Yes,1.0,59.8,68.2,65.1,67.3,Yes
S10469,Female,17.0,Public,Secondary,13.1,0.0,2.0,No,Yes,2.0,1.0,2.0,Yes,,54.5,55.2,65.8,,Yes
S10470,Male,16.0,Public,,3.8,0.0,2.0,No,Yes,3.0,1.0,1.0,Yes,3.0,61.3,55.5,60.1,63.1,Yes
S10471,Female,17.0,Private,Bachelor,7.5,,1.0,No,Yes,3.0,1.0,2.0,Yes,5.0,51.8,46.4,29.6,37.9,No
S10472,Male,18.0,Private,Bachelor,,0.0,3.0,No,No,,1.0,1.0,Yes,4.0,50.2,49.7,53.9,55.0,Yes
S10473,Female,16.0,Public,Bachelor,7.5,,5.0,No,Yes,3.0,4.0,3.0,Yes,,54.7,52.4,46.0,,Yes
S10474,Female,16.0,Public,Bachelor,9.1,0.0,4.0,No,No,4.0,1.0,2.0,Yes,3.0,70.8,71.2,70.0,,Yes
S10475,Other,17.0,Private,Bachelor,13.0,0.0,4.0,No,No,1.0,1.0,2.0,No,1.0,49.6,54.9,,54.1,Yes
S10476,Male,17.0,Public,Master,11.7,0.0,3.0,No,Yes,,1.0,1.0,Yes,2.0,64.5,63.4,60.8,66.8,Yes
S10477,Female,17.0,Private,Secondary,11.1,0.0,2.0,No,Yes,4.0,1.0,5.0,Yes,1.0,63.3,60.9,66.1,61.7,Yes
S10478,Female,17.0,Public,Secondary,8.6,1.0,4.0,No,No,3.0,2.0,3.0,Yes,4.0,40.8,44.5,42.2,45.2,No
S10479,Female,16.0,Private,Secondary,11.5,0.0,3.0,Yes,No,4.0,1.0,3.0,Yes,2.0,,56.3,52.0,40.9,No
S10480,Female,17.0,Public,Secondary,9.5,1.0,3.0,No,Yes,4.0,1.0,1.0,Yes,4.0,55.9,60.4,64.7,54.6,Yes
S10481,Female,15.0,Private,Bachelor,11.8,3.0,1.0,No,Yes,4.0,1.0,2.0,Yes,3.0,40.1,43.2,45.6,,No
S10482,Male,16.0,Private,Secondary,8.0,0.0,4.0,No,Yes,3.0,1.0,1.0,Yes,2.0,56.8,55.1,52.6,54.1,Yes
S10483,Female,15.0,Public,Master,9.3,0.0,3.0,Yes,Yes,3.0,3.0,2.0,No,2.0,53.1,53.8,44.2,43.2,No
S10484,Female,16.0,Public,Bachelor,6.0,,1.0,Yes,Yes,4.0,1.0,1.0,Yes,3.0,51.2,46.5,55.0,48.1,No
S10485,Female,16.0,Private,Bachelor,9.9,,1.0,Yes,No,4.0,1.0,2.0,Yes,5.0,52.2,43.1,47.9,44.5,No
S10486,Male,16.0,Public,Secondary,6.8,3.0,1.0,No,Yes,3.0,3.0,2.0,Yes,,44.4,44.0,41.5,42.7,No
S10487,Male,,Private,Primary,5.5,0.0,2.0,Yes,Yes,2.0,3.0,1.0,Yes,2.0,44.2,32.8,44.9,39.5,No
S10488,Female,16.0,Public,Primary,11.0,0.0,,No,Yes,2.0,1.0,1.0,Yes,3.0,57.4,65.1,54.8,59.6,Yes
S10489,Female,16.0,Public,Secondary,10.9,1.0,3.0,Yes,Yes,2.0,1.0,,Yes,2.0,51.3,44.3,38.8,45.2,No
S10490,Male,15.0,Public,Primary,13.1,0.0,3.0,Yes,Yes,3.0,1.0,1.0,Yes,5.0,43.1,38.4,63.4,53.2,Yes
S10491,Female,16.0,Public,Bachelor,,1.0,1.0,Yes,No,2.0,1.0,,No,4.0,45.4,42.2,,45.2,No
S10492,Male,15.0,Private,Master,11.6,2.0,,Yes,Yes,3.0,,1.0,No,3.0,54.8,56.6,58.4,58.3,Yes
S10493,Male,15.0,Public,Master,12.2,,2.0,No,Yes,4.0,1.0,1.0,No,3.0,65.8,,81.3,75.2,Yes
S10494,Male,17.0,Public,Bachelor,11.8,0.0,,No,Yes,3.0,,1.0,Yes,3.0,74.5,73.8,79.2,74.1,Yes
S10495,Male,,Public,Secondary,6.7,,,No,Yes,4.0,3.0,3.0,Yes,2.0,35.2,50.9,45.2,37.9,No
S10496,Female,17.0,Public,Bachelor,10.6,0.0,1.0,Yes,Yes,4.0,1.0,1.0,No,1.0,94.0,78.1,,89.7,Yes
S10497,Male,16.0,Private,Master,,0.0,4.0,Yes,Yes,3.0,1.0,,Yes,3.0,46.5,43.0,43.9,,No
S10498,Female,,Private,Secondary,,0.0,3.0,No,Yes,4.0,4.0,2.0,No,5.0,76.9,64.1,71.9,,Yes
S10499,Other,18.0,Public,Bachelor,,2.0,2.0,No,Yes,4.0,2.0,,Yes,3.0,40.4,49.5,44.1,41.7,No
S10500,Female,16.0,Private,Secondary,10.6,2.0,2.0,Yes,Yes,3.0,2.0,3.0,Yes,,46.2,53.2,40.8,44.2,No
S10501,Female,16.0,Private,Bachelor,18.9,0.0,3.0,No,Yes,3.0,1.0,1.0,Yes,,56.2,42.7,49.8,53.6,Yes
S10502,Male,15.0,Public,Doctorate,8.6,1.0,2.0,No,No,3.0,2.0,3.0,Yes,,60.6,62.8,48.3,61.5,Yes
S10503,Female,16.0,Private,Primary,7.1,0.0,4.0,Yes,Yes,5.0,1.0,1.0,No,2.0,61.4,59.2,64.1,64.7,Yes
S10504,Female,16.0,Public,Master,11.5,,2.0,No,Yes,4.0,1.0,1.0,No,2.0,73.9,71.5,67.2,74.3,Yes
S10505,Male,16.0,Public,Bachelor,11.2,0.0,3.0,Yes,Yes,2.0,5.0,,Yes,3.0,55.7,44.9,50.0,53.0,Yes
S10506,Female,16.0,Private,Master,14.8,0.0,5.0,No,Yes,4.0,1.0,5.0,Yes,,52.2,39.9,46.0,47.2,No
S10507,Female,16.0,Public,Secondary,,2.0,5.0,Yes,Yes,3.0,2.0,1.0,No,3.0,33.5,41.8,,,No
S10508,Female,17.0,Private,Bachelor,12.9,0.0,,No,Yes,3.0,1.0,,Yes,4.0,51.6,52.2,,60.5,Yes
S10509,Female,17.0,Private,Primary,12.4,0.0,1.0,Yes,Yes,4.0,1.0,1.0,Yes,2.0,,45.5,55.4,52.2,Yes
S10510,Female,17.0,Public,Secondary,,0.0,1.0,No,Yes,3.0,2.0,3.0,Yes,,,37.9,52.1,50.1,Yes
S10511,Male,17.0,Private,Primary,11.4,0.0,4.0,Yes,No,4.0,1.0,2.0,Yes,2.0,67.5,60.7,55.8,58.7,Yes
S10512,Female,19.0,Public,Master,14.1,0.0,1.0,No,Yes,4.0,1.0,1.0,Yes,4.0,,84.6,83.2,83.8,Yes
S10513,Female,15.0,Public,Bachelor,13.5,0.0,,No,Yes,4.0,1.0,1.0,Yes,3.0,52.2,58.3,58.6,55.0,Yes
S10514,Male,15.0,Public,Bachelor,5.4,0.0,1.0,No,Yes,2.0,4.0,1.0,No,3.0,42.3,54.4,54.9,46.5,No
S10515,Male,15.0,Private,Master,13.3,,,No,No,4.0,1.0,1.0,Yes,3.0,75.0,62.6,70.2,73.0,Yes
S10516,Male,,Public,Primary,9.7,1.0,,No,No,5.0,1.0,1.0,Yes,,35.9,46.3,46.0,36.7,No
S10517,Female,18.0,Public,Secondary,10.3,0.0,,No,Yes,,,2.0,Yes,1.0,62.4,59.5,67.2,63.4,Yes
S10518,Other,15.0,Public,Primary,10.3,,2.0,Yes,Yes,3.0,4.0,5.0,Yes,4.0,46.7,45.9,54.9,49.5,No
S10519,Male,18.0,Public,Secondary,9.4,0.0,4.0,No,Yes,3.0,,1.0,Yes,1.0,73.4,67.0,72.7,64.0,Yes
S10520,Female,,Public,Secondary,14.8,0.0,0.0,Yes,Yes,4.0,2.0,2.0,Yes,2.0,65.5,64.7,60.7,62.1,Yes
S10521,Male,18.0,Public,Secondary,9.7,0.0,4.0,No,Yes,4.0,1.0,2.0,Yes,3.0,50.4,54.9,57.0,54.8,Yes
S10522,Female,16.0,Public,Secondary,5.5,0.0,0.0,Yes,Yes,2.0,1.0,4.0,Yes,4.0,34.0,42.5,44.0,,No
S10523,Female,15.0,Public,Primary,8.4,2.0,1.0,No,Yes,4.0,1.0,2.0,Yes,1.0,43.2,52.1,49.1,46.8,No
S10524,Female,16.0,Private,Secondary,10.7,0.0,3.0,No,No,2.0,1.0,2.0,Yes,5.0,57.4,69.9,,67.5,Yes
S10525,Male,16.0,Public,Secondary,14.9,1.0,1.0,No,No,4.0,1.0,1.0,Yes,5.0,50.1,45.4,34.3,43.5,No
S10526,Male,16.0,Public,Master,12.4,3.0,4.0,No,Yes,3.0,4.0,1.0,Yes,3.0,43.9,36.4,53.7,44.6,No
S10527,Male,16.0,Private,Bachelor,6.6,0.0,3.0,Yes,Yes,,2.0,1.0,Yes,3.0,,38.4,,37.6,No
S10528,Male,17.0,Public,Master,19.9,0.0,,No,No,2.0,,1.0,Yes,4.0,64.9,65.0,53.6,65.2,Yes
S10529,Female,16.0,Private,Secondary,11.1,,4.0,Yes,Yes,2.0,1.0,1.0,No,2.0,50.7,57.5,56.6,51.8,Yes
S10530,Female,16.0,Public,Secondary,,2.0,7.0,No,Yes,4.0,2.0,,Yes,3.0,44.8,34.0,,38.8,No
S10531,Other,17.0,Private,Bachelor,9.4,2.0,4.0,No,Yes,3.0,1.0,1.0,No,,49.7,58.3,44.7,,No
S10532,Other,17.0,Public,Secondary,12.1,0.0,4.0,No,Yes,2.0,1.0,2.0,Yes,,58.8,59.5,56.8,57.1,Yes
S10533,Female,16.0,Public,Secondary,,1.0,3.0,Yes,Yes,2.0,1.0,1.0,No,5.0,57.0,43.4,34.7,51.9,Yes
S10534,Female,16.0,Public,Secondary,14.9,0.0,3.0,Yes,Yes,2.0,,4.0,Yes,2.0,66.7,65.1,70.3,,Yes
S10535,Female,,Private,Secondary,14.2,3.0,,Yes,Yes,4.0,2.0,4.0,Yes,2.0,65.1,76.0,63.8,63.5,Yes
S10536,Female,15.0,Public,Secondary,13.5,2.0,2.0,Yes,Yes,,1.0,1.0,Yes,2.0,57.1,45.3,53.6,50.1,Yes
S10537,Male,17.0,Public,Secondary,8.7,0.0,3.0,Yes,Yes,2.0,1.0,1.0,Yes,3.0,50.0,59.8,57.3,56.6,Yes
S10538,Male,15.0,Private,Bachelor,7.7,0.0,3.0,No,Yes,,1.0,2.0,Yes,2.0,44.9,,37.0,35.0,No
S10539,Male,16.0,Private,Primary,11.3,0.0,2.0,Yes,No,2.0,2.0,1.0,Yes,3.0,43.3,55.0,,46.4,No
S10540,Female,,Public,Secondary,13.7,,3.0,No,Yes,5.0,1.0,1.0,Yes,3.0,,75.0,57.2,75.0,Yes
S10541,Female,15.0,Private,Bachelor,9.1,1.0,3.0,No,Yes,5.0,1.0,1.0,Yes,4.0,42.4,47.8,63.6,47.9,No
S10542,Male,16.0,Private,Secondary,,0.0,,No,Yes,4.0,4.0,4.0,No,4.0,56.2,57.0,58.6,61.0,Yes
S10543,Female,16.0,Public,Secondary,15.8,0.0,4.0,No,Yes,5.0,,4.0,Yes,4.0,94.6,94.4,,93.5,Yes
S10544,Female,,Public,Bachelor,6.3,0.0,3.0,No,Yes,,,2.0,Yes,1.0,73.5,73.3,70.8,69.7,Yes
S10545,Male,16.0,Public,Secondary,6.7,3.0,8.0,No,Yes,4.0,2.0,2.0,Yes,,45.5,55.0,,45.8,No
S10546,Male,17.0,Public,Primary,,0.0,3.0,Yes,Yes,3.0,,4.0,Yes,4.0,69.1,61.4,72.2,66.6,Yes
S10547,Female,16.0,Public,Secondary,,0.0,2.0,No,Yes,3.0,1.0,4.0,Yes,3.0,33.7,34.0,21.8,25.9,No
S10548,Female,15.0,Public,Secondary,7.9,0.0,4.0,No,Yes,3.0,1.0,5.0,Yes,3.0,57.4,44.6,,49.8,No
S10549,Female,17.0,Public,Secondary,15.4,3.0,0.0,No,Yes,3.0,1.0,1.0,No,1.0,49.8,53.3,39.5,46.9,No
S10550,Female,19.0,Public,Bachelor,11.7,,4.0,No,Yes,4.0,,1.0,No,2.0,53.1,60.5,,56.4,Yes
S10551,Female,,Public,Secondary,10.2,0.0,2.0,No,Yes,2.0,2.0,2.0,Yes,3.0,49.0,50.0,48.6,54.8,Yes
S10552,Female,17.0,Private,Bachelor,,0.0,1.0,No,Yes,3.0,2.0,2.0,Yes,4.0,24.8,37.8,,33.3,No
S10553,Female,18.0,Private,Secondary,4.7,0.0,2.0,Yes,Yes,3.0,1.0,1.0,Yes,5.0,52.9,65.3,52.7,58.5,Yes
S10554,Female,15.0,Public,Secondary,11.1,0.0,1.0,No,Yes,3.0,3.0,1.0,Yes,3.0,61.7,66.9,58.3,54.4,Yes
S10555,Male,15.0,Private,Bachelor,,0.0,1.0,No,Yes,3.0,,4.0,Yes,3.0,66.8,65.3,71.9,69.7,Yes
S10556,Male,,Public,Secondary,,2.0,4.0,Yes,Yes,5.0,1.0,4.0,Yes,4.0,41.4,41.7,49.1,,Yes
S10557,Male,16.0,Public,Secondary,9.4,0.0,3.0,Yes,Yes,4.0,3.0,1.0,Yes,3.0,59.9,41.2,50.0,39.3,No
S10558,Female,17.0,Public,Primary,23.0,1.0,2.0,Yes,Yes,4.0,1.0,4.0,Yes,3.0,29.4,38.9,34.4,36.5,No
S10559,Female,18.0,Public,Secondary,19.2,0.0,3.0,No,Yes,3.0,1.0,2.0,Yes,,61.8,50.4,55.9,56.0,Yes
S10560,Female,16.0,Private,Secondary,,0.0,3.0,Yes,Yes,3.0,1.0,3.0,No,,68.5,67.8,,63.4,Yes
S10561,Male,15.0,Public,Bachelor,9.6,0.0,3.0,No,No,2.0,1.0,1.0,Yes,5.0,56.8,44.1,53.9,55.3,Yes
S10562,Male,17.0,Public,Primary,14.0,0.0,5.0,No,Yes,4.0,1.0,1.0,Yes,2.0,77.8,82.1,65.2,82.1,Yes
S10563,Male,16.0,Public,Secondary,16.8,0.0,4.0,No,Yes,,1.0,1.0,Yes,3.0,57.4,56.4,60.0,,Yes
S10564,Male,17.0,Public,Secondary,3.4,0.0,1.0,No,Yes,2.0,5.0,1.0,Yes,,56.4,61.2,55.3,56.0,Yes
S10565,Female,16.0,Public,Bachelor,2.9,0.0,2.0,No,Yes,4.0,1.0,2.0,Yes,2.0,42.3,46.2,39.5,38.9,No
S10566,Male,17.0,Public,Bachelor,7.5,0.0,3.0,No,Yes,2.0,2.0,,Yes,4.0,,66.9,57.5,61.4,Yes
S10567,Male,15.0,Public,Bachelor,12.3,0.0,3.0,Yes,Yes,3.0,1.0,5.0,Yes,2.0,32.2,47.3,23.7,37.7,No
S10568,Female,17.0,Private,Bachelor,,3.0,5.0,No,Yes,1.0,1.0,1.0,Yes,4.0,55.2,59.3,56.2,55.2,Yes
S10569,Male,16.0,Private,Bachelor,14.3,0.0,2.0,No,No,2.0,1.0,1.0,No,3.0,63.8,60.1,78.7,66.0,Yes
S10570,Female,16.0,Public,Secondary,,1.0,,No,Yes,2.0,1.0,2.0,Yes,2.0,59.2,57.5,64.1,71.4,Yes
S10571,Female,15.0,Private,Secondary,0.7,0.0,4.0,No,Yes,2.0,1.0,2.0,Yes,3.0,38.6,,36.8,38.7,No
S10572,Male,,Public,Bachelor,13.4,1.0,2.0,Yes,Yes,4.0,1.0,1.0,No,,63.5,52.3,59.8,63.6,Yes
S10573,Female,18.0,Public,Doctorate,,0.0,2.0,No,Yes,4.0,1.0,3.0,No,3.0,77.7,63.7,,,Yes
S10574,Female,15.0,Public,Master,1.9,1.0,1.0,Yes,Yes,3.0,1.0,2.0,Yes,3.0,,52.9,59.8,52.7,Yes
S10575,Female,15.0,Public,Secondary,10.6,,3.0,No,No,4.0,2.0,2.0,Yes,4.0,53.0,45.7,46.2,49.1,No
S10576,Male,15.0,Private,Secondary,13.2,0.0,4.0,Yes,No,3.0,1.0,3.0,Yes,3.0,36.5,35.8,36.3,32.2,No
S10577,Female,17.0,Public,Secondary,9.5,0.0,6.0,No,Yes,3.0,1.0,1.0,Yes,,65.8,55.5,67.8,69.7,Yes
S10578,Female,17.0,Public,Bachelor,8.2,0.0,2.0,Yes,Yes,2.0,1.0,2.0,Yes,1.0,60.5,47.9,61.0,62.5,Yes
S10579,Male,16.0,Public,Secondary,9.4,0.0,,No,Yes,4.0,1.0,4.0,Yes,5.0,43.3,48.2,63.0,48.5,No
S10580,Male,15.0,Public,Secondary,8.5,0.0,,No,Yes,3.0,1.0,1.0,Yes,2.0,52.1,56.1,58.0,62.2,Yes
S10581,Other,16.0,Private,Bachelor,4.6,0.0,7.0,Yes,Yes,4.0,4.0,1.0,Yes,3.0,54.6,50.4,61.5,55.4,Yes
S10582,Female,16.0,Public,Secondary,7.1,1.0,4.0,No,Yes,4.0,2.0,4.0,Yes,4.0,34.3,45.9,33.4,47.9,No
S10583,Male,16.0,Public,Bachelor,,0.0,3.0,No,Yes,3.0,1.0,1.0,Yes,2.0,36.0,37.2,41.6,,No
S10584,Female,19.0,Public,Secondary,11.3,0.0,2.0,No,Yes,4.0,1.0,1.0,Yes,3.0,39.1,55.5,50.2,49.7,No
S10585,Male,15.0,Public,Secondary,10.7,0.0,5.0,No,Yes,5.0,1.0,,Yes,2.0,81.0,87.4,,87.1,Yes
S10586,Male,17.0,Public,Secondary,6.0,,,No,Yes,3.0,2.0,1.0,Yes,4.0,,55.6,59.6,66.9,Yes
S10587,Male,16.0,Public,Bachelor,9.3,0.0,2.0,No,Yes,3.0,1.0,1.0,Yes,3.0,58.9,52.0,64.6,60.6,Yes
S10588,Male,16.0,Public,Secondary,1.3,0.0,2.0,No,Yes,4.0,1.0,4.0,Yes,4.0,51.8,48.0,44.0,47.8,No
S10589,Male,17.0,Public,Secondary,10.7,2.0,2.0,No,Yes,,2.0,4.0,Yes,4.0,48.5,,60.2,56.4,Yes
S10590,Male,17.0,Private,Master,,1.0,,No,Yes,2.0,2.0,1.0,Yes,3.0,68.0,68.9,64.5,64.0,Yes
S10591,Female,19.0,Private,Secondary,4.1,1.0,4.0,Yes,Yes,3.0,2.0,2.0,No,4.0,47.8,49.8,56.0,51.5,Yes
S10592,Male,15.0,Public,Secondary,7.7,,5.0,Yes,No,3.0,,3.0,No,3.0,52.9,66.1,65.2,56.1,Yes
S10593,Male,15.0,Public,Bachelor,11.3,0.0,5.0,Yes,Yes,3.0,4.0,3.0,Yes,3.0,56.2,,53.4,46.1,No
S10594,Female,17.0,Public,Secondary,15.0,0.0,5.0,Yes,Yes,2.0,,1.0,No,3.0,76.9,72.8,75.5,75.5,Yes
S10595,Male,16.0,Private,Bachelor,8.2,0.0,3.0,No,Yes,5.0,1.0,1.0,Yes,5.0,70.8,67.5,60.4,71.7,Yes
S10596,Female,16.0,Public,Secondary,7.2,0.0,5.0,No,No,4.0,2.0,1.0,Yes,3.0,59.4,66.2,64.7,66.7,Yes
S10597,Male,15.0,Public,Secondary,,0.0,3.0,Yes,Yes,3.0,1.0,4.0,No,2.0,46.7,40.4,44.1,43.7,No
S10598,Male,15.0,Public,Secondary,10.4,,0.0,No,Yes,,5.0,4.0,Yes,3.0,63.9,64.7,,,Yes
S10599,Male,18.0,Public,Bachelor,18.2,0.0,2.0,No,Yes,4.0,1.0,5.0,Yes,3.0,60.4,,72.1,61.1,Yes
S10600,Male,,Public,Secondary,11.1,0.0,2.0,No,Yes,2.0,1.0,4.0,Yes,1.0,,47.8,59.3,39.3,No
S10601,Male,16.0,Public,Bachelor,9.9,0.0,3.0,No,Yes,3.0,1.0,2.0,Yes,3.0,88.3,77.8,,70.5,Yes
S10602,Male,15.0,Public,Secondary,11.3,0.0,3.0,No,Yes,3.0,1.0,1.0,Yes,3.0,50.4,42.6,43.0,41.1,No
S10603,Male,,Public,Secondary,10.0,0.0,4.0,Yes,No,4.0,1.0,3.0,Yes,3.0,53.4,,56.3,53.5,Yes
S10604,Male,15.0,Public,Secondary,,,4.0,Yes,No,1.0,2.0,3.0,Yes,3.0,,57.1,51.3,,Yes
S10605,Male,16.0,Public,Secondary,13.3,0.0,3.0,Yes,Yes,5.0,1.0,,Yes,3.0,61.4,57.8,56.2,60.6,Yes
S10606,Male,15.0,Public,Bachelor,10.9,1.0,2.0,No,Yes,3.0,2.0,,Yes,4.0,57.5,61.4,64.4,67.3,Yes
S10607,Male,17.0,Public,Secondary,10.1,0.0,2.0,Yes,Yes,3.0,1.0,4.0,No,5.0,66.6,,78.9,67.7,Yes
S10608,Female,15.0,Public,Master,6.1,0.0,4.0,No,Yes,3.0,1.0,1.0,No,3.0,44.1,35.9,37.2,41.5,No
S10609,Female,,Public,Master,15.2,0.0,,Yes,Yes,,,1.0,Yes,1.0,90.9,,81.4,86.6,Yes
S10610,Male,18.0,Private,Bachelor,,0.0,0.0,No,No,4.0,1.0,2.0,Yes,5.0,68.5,67.6,65.5,63.9,Yes
S10611,Female,17.0,Public,Secondary,7.8,1.0,4.0,Yes,Yes,,2.0,2.0,No,4.0,70.7,65.8,64.3,72.7,Yes
S10612,Female,16.0,Public,Secondary,14.0,0.0,3.0,Yes,Yes,3.0,3.0,,Yes,2.0,57.0,44.7,37.9,46.4,No
S10613,Male,,Public,Bachelor,8.0,0.0,2.0,Yes,No,5.0,3.0,3.0,Yes,2.0,53.5,41.1,57.5,49.4,No
S10614,Female,16.0,Public,Secondary,6.9,,1.0,No,Yes,4.0,4.0,1.0,Yes,2.0,67.7,58.0,,72.7,Yes
S10615,Female,17.0,Public,Primary,7.0,0.0,3.0,Yes,Yes,3.0,1.0,,No,2.0,36.4,43.7,19.3,35.6,No
S10616,Male,19.0,Public,Secondary,2.9,0.0,3.0,No,Yes,4.0,3.0,1.0,Yes,1.0,32.4,38.3,,40.8,No
S10617,Male,,Public,Bachelor,,0.0,,Yes,Yes,3.0,2.0,3.0,Yes,5.0,64.4,51.9,52.3,,Yes
S10618,Female,16.0,Private,Bachelor,2.7,0.0,1.0,No,Yes,3.0,3.0,5.0,Yes,3.0,,55.0,43.8,48.7,No
S10619,Female,17.0,Public,Secondary,5.1,,3.0,No,Yes,2.0,1.0,3.0,Yes,3.0,56.7,71.1,66.4,68.9,Yes
S10620,Male,16.0,Private,Bachelor,,0.0,5.0,Yes,Yes,4.0,4.0,4.0,Yes,4.0,47.7,,52.0,49.3,No
S10621,Male,15.0,Private,Secondary,9.7,3.0,4.0,No,No,2.0,1.0,1.0,Yes,4.0,34.9,38.0,45.5,36.8,No
S10622,Male,16.0,Public,Secondary,9.4,,,No,No,4.0,2.0,,Yes,4.0,57.4,60.1,69.3,60.7,Yes
S10623,Female,19.0,Private,Master,8.7,0.0,4.0,Yes,Yes,4.0,,2.0,Yes,,63.1,58.7,56.6,57.3,Yes
S10624,Female,15.0,Public,Secondary,,0.0,,Yes,Yes,3.0,1.0,1.0,Yes,3.0,,55.0,56.4,62.0,Yes
S10625,Male,17.0,Private,Secondary,5.3,2.0,4.0,No,Yes,3.0,1.0,3.0,No,,48.6,47.2,42.1,47.3,No
S10626,Male,15.0,Public,,11.9,1.0,2.0,No,Yes,3.0,1.0,2.0,No,4.0,32.5,31.9,24.2,27.9,No
S10627,Female,16.0,Public,Master,7.8,0.0,,No,Yes,,1.0,5.0,Yes,,51.0,52.3,53.3,54.8,Yes
S10628,Male,15.0,Public,Bachelor,11.3,0.0,2.0,No,No,3.0,2.0,1.0,Yes,3.0,68.9,75.1,75.6,,Yes
S10629,Male,16.0,Public,Bachelor,6.5,0.0,2.0,No,No,3.0,1.0,,Yes,3.0,46.0,47.9,58.8,49.1,No
S10630,Female,17.0,Public,Bachelor,10.7,0.0,2.0,Yes,Yes,3.0,1.0,2.0,Yes,5.0,58.0,46.2,57.5,54.5,Yes
S10631,Female,16.0,Public,Secondary,15.2,0.0,2.0,No,Yes,2.0,1.0,1.0,Yes,,77.1,,66.9,73.0,Yes
S10632,Female,17.0,Public,Secondary,12.3,0.0,2.0,No,Yes,1.0,1.0,2.0,Yes,3.0,46.9,56.5,40.5,49.4,No
S10633,Female,17.0,Public,Secondary,8.4,0.0,1.0,No,Yes,2.0,1.0,1.0,Yes,1.0,50.8,,,49.1,No
S10634,Male,18.0,Public,Primary,11.0,2.0,2.0,No,Yes,4.0,1.0,,Yes,2.0,,50.9,60.2,58.3,Yes
S10635,Male,15.0,Public,Secondary,9.0,0.0,1.0,No,Yes,5.0,1.0,1.0,No,1.0,51.8,47.5,61.1,52.4,Yes
S10636,Female,,Private,Master,10.0,2.0,4.0,Yes,Yes,3.0,1.0,1.0,Yes,3.0,66.1,,59.7,57.2,Yes
S10637,Male,15.0,Private,Primary,8.7,0.0,1.0,No,Yes,3.0,1.0,2.0,Yes,4.0,60.0,52.9,53.0,49.9,No
S10638,Male,19.0,Private,Secondary,9.3,0.0,4.0,No,No,2.0,1.0,1.0,Yes,,47.2,48.8,42.5,50.2,Yes
S10639,Male,18.0,Public,Secondary,10.8,,2.0,Yes,Yes,3.0,1.0,1.0,No,3.0,64.0,60.4,58.6,,Yes
S10640,Male,16.0,Public,Secondary,6.0,0.0,,No,Yes,2.0,4.0,1.0,No,2.0,33.3,35.2,34.4,35.0,No
S10641,Male,17.0,Public,Master,5.9,0.0,,Yes,Yes,4.0,1.0,1.0,Yes,,63.4,73.5,56.8,68.6,Yes
S10642,Male,16.0,Private,Secondary,4.4,0.0,4.0,No,Yes,5.0,1.0,1.0,Yes,3.0,67.5,65.7,57.2,62.0,Yes
S10643,Male,17.0,Public,Secondary,3.6,0.0,4.0,No,Yes,2.0,1.0,1.0,Yes,1.0,51.7,44.7,47.4,42.8,No
S10644,Male,15.0,Public,Bachelor,,0.0,,Yes,Yes,4.0,1.0,2.0,Yes,3.0,47.3,51.0,52.4,50.2,Yes
S10645,Female,17.0,Public,Secondary,,0.0,2.0,No,No,1.0,1.0,2.0,Yes,,,,60.3,,Yes
S10646,Female,15.0,Private,Secondary,6.4,0.0,2.0,No,Yes,3.0,1.0,2.0,Yes,2.0,62.0,,39.8,52.2,Yes
S10647,Female,17.0,Public,Secondary,12.1,0.0,2.0,No,Yes,2.0,1.0,3.0,Yes,3.0,64.2,57.4,63.2,67.8,Yes
S10648,Female,17.0,Public,Bachelor,10.1,0.0,2.0,Yes,Yes,,1.0,1.0,Yes,3.0,64.2,64.4,51.3,50.4,Yes
S10649,Female,,Public,Doctorate,2.1,2.0,5.0,Yes,Yes,2.0,1.0,2.0,Yes,1.0,64.5,68.3,65.7,70.5,Yes
S10650,Male,15.0,Public,Bachelor,12.6,0.0,1.0,No,Yes,3.0,1.0,,Yes,3.0,79.0,78.4,77.8,81.6,Yes
S10651,Female,16.0,Public,Secondary,13.2,0.0,1.0,Yes,No,3.0,,1.0,Yes,4.0,,,,66.1,Yes
S10652,Female,,Public,Bachelor,6.0,0.0,5.0,No,Yes,3.0,,3.0,No,4.0,64.6,54.3,75.8,51.5,Yes
S10653,Female,16.0,Public,Secondary,11.7,0.0,3.0,No,Yes,4.0,,1.0,Yes,2.0,63.9,59.8,60.2,66.7,Yes
S10654,Male,15.0,Private,Primary,6.6,,2.0,No,Yes,5.0,4.0,1.0,No,3.0,38.3,38.0,48.4,37.1,No
S10655,Male,18.0,Public,Secondary,10.4,0.0,4.0,No,Yes,3.0,2.0,3.0,Yes,3.0,49.8,45.1,56.1,48.2,No
S10656,Male,16.0,Private,Secondary,4.9,0.0,2.0,No,Yes,2.0,1.0,1.0,No,1.0,61.9,55.2,59.1,58.4,Yes
S10657,Male,,Private,Secondary,2.8,0.0,3.0,No,Yes,3.0,2.0,1.0,No,4.0,70.4,68.1,58.3,67.7,Yes
S10658,Female,16.0,Public,Bachelor,8.5,,3.0,No,Yes,4.0,1.0,1.0,Yes,5.0,67.4,64.2,,70.4,Yes
S10659,Female,16.0,Public,Master,9.5,2.0,4.0,No,Yes,3.0,1.0,1.0,No,4.0,71.5,61.7,68.8,71.3,Yes
S10660,Male,17.0,Public,Secondary,8.4,,4.0,No,No,3.0,1.0,1.0,Yes,4.0,60.0,63.9,,65.1,Yes
S10661,Other,16.0,Private,Secondary,5.3,0.0,2.0,Yes,Yes,2.0,1.0,2.0,Yes,,51.9,,60.1,58.3,Yes
S10662,Female,18.0,Public,Primary,8.4,0.0,2.0,Yes,No,3.0,1.0,3.0,Yes,3.0,44.2,45.9,50.1,48.1,No
S10663,Male,16.0,Public,Primary,11.1,0.0,1.0,No,Yes,3.0,1.0,3.0,Yes,3.0,72.9,78.7,,72.0,Yes
S10664,Male,,Public,Secondary,9.8,,6.0,No,No,5.0,1.0,1.0,Yes,4.0,76.1,83.0,63.7,71.4,Yes
S10665,Male,18.0,Public,Secondary,10.7,0.0,4.0,No,Yes,4.0,1.0,5.0,Yes,3.0,54.1,52.8,55.0,57.6,Yes
S10666,Male,15.0,Public,Bachelor,7.3,0.0,3.0,No,Yes,2.0,1.0,2.0,Yes,2.0,51.6,48.4,50.7,53.7,Yes
S10667,Male,18.0,Public,Secondary,14.7,1.0,2.0,Yes,No,3.0,1.0,,Yes,3.0,63.4,66.0,70.3,,Yes
S10668,Male,15.0,Public,Primary,5.3,0.0,2.0,No,Yes,3.0,1.0,3.0,Yes,4.0,56.9,50.0,63.6,54.8,Yes
S10669,Male,17.0,Public,Secondary,12.0,0.0,2.0,No,No,3.0,,3.0,Yes,1.0,54.8,50.5,63.5,59.8,Yes
S10670,Male,16.0,Public,Secondary,14.7,0.0,5.0,No,No,4.0,5.0,3.0,Yes,3.0,45.5,50.8,39.1,40.5,No
S10671,Female,18.0,Public,Primary,11.9,3.0,1.0,No,Yes,,1.0,1.0,No,5.0,48.7,52.0,49.3,54.2,Yes
S10672,Male,18.0,Public,Bachelor,9.2,0.0,,Yes,Yes,3.0,1.0,1.0,Yes,4.0,69.5,54.7,68.9,63.8,Yes
S10673,Female,,Public,Primary,7.9,,1.0,No,Yes,3.0,3.0,4.0,Yes,5.0,62.2,51.6,57.8,64.4,Yes
S10674,Male,17.0,Private,Bachelor,14.1,0.0,1.0,No,Yes,4.0,1.0,2.0,No,3.0,80.8,63.7,55.3,61.9,Yes
S10675,Other,16.0,Public,Secondary,4.3,0.0,7.0,Yes,Yes,4.0,3.0,2.0,Yes,1.0,48.2,54.6,50.7,57.9,Yes
S10676,Male,15.0,Public,Secondary,6.1,0.0,6.0,No,Yes,3.0,1.0,2.0,Yes,4.0,58.5,68.6,58.5,60.1,Yes
S10677,Male,,Public,Secondary,,0.0,1.0,No,Yes,3.0,1.0,3.0,Yes,2.0,72.9,56.1,66.9,64.5,Yes
S10678,Female,15.0,Public,Bachelor,15.0,0.0,5.0,No,No,,1.0,1.0,Yes,3.0,60.3,66.7,57.1,62.0,Yes
S10679,Female,17.0,Public,Secondary,11.5,,,Yes,Yes,5.0,1.0,2.0,No,2.0,61.8,53.6,56.0,54.8,Yes
S10680,Female,16.0,Public,Bachelor,6.1,0.0,2.0,Yes,Yes,3.0,1.0,1.0,Yes,2.0,43.0,36.6,35.3,38.5,No
S10681,Male,19.0,Private,Secondary,8.8,1.0,3.0,No,No,3.0,3.0,2.0,Yes,3.0,54.5,35.2,60.7,47.6,No
S10682,Male,17.0,Public,Bachelor,7.5,2.0,3.0,Yes,Yes,3.0,2.0,3.0,Yes,3.0,61.6,55.6,60.6,56.7,Yes
S10683,Female,17.0,Public,Secondary,7.2,0.0,4.0,No,Yes,4.0,1.0,1.0,Yes,3.0,50.5,61.6,54.4,56.9,Yes
S10684,Female,15.0,Public,Bachelor,13.9,0.0,6.0,Yes,Yes,3.0,2.0,,No,4.0,78.5,82.9,69.3,73.5,Yes
S10685,Female,,Public,Secondary,4.5,0.0,3.0,No,Yes,,1.0,1.0,No,2.0,41.5,44.2,48.9,41.5,No
S10686,Female,18.0,Public,Master,16.4,0.0,3.0,No,Yes,3.0,1.0,1.0,No,2.0,70.4,69.6,61.8,62.1,Yes
S10687,Male,16.0,Public,Secondary,13.3,1.0,,No,Yes,4.0,1.0,1.0,Yes,,58.7,68.7,69.4,62.9,Yes
S10688,Female,17.0,Public,Primary,14.4,0.0,0.0,Yes,No,4.0,2.0,1.0,Yes,3.0,,80.9,71.7,,Yes
S10689,Male,17.0,Public,,,0.0,5.0,No,Yes,4.0,1.0,1.0,Yes,5.0,52.4,38.1,51.8,44.5,No
S10690,Male,15.0,Public,Bachelor,9.4,1.0,2.0,No,Yes,3.0,1.0,1.0,Yes,1.0,49.0,45.9,48.5,45.0,No
S10691,Male,16.0,Public,Secondary,4.3,0.0,1.0,Yes,Yes,2.0,3.0,3.0,Yes,4.0,63.1,65.3,63.1,64.5,Yes
S10692,Female,16.0,Public,Bachelor,7.9,0.0,4.0,No,No,5.0,1.0,3.0,Yes,3.0,72.3,68.3,69.8,68.9,Yes
S10693,Male,15.0,Public,Secondary,12.0,0.0,4.0,Yes,No,3.0,,2.0,No,3.0,52.8,51.2,57.5,62.6,Yes
S10694,Male,16.0,Private,Secondary,15.2,,5.0,No,Yes,4.0,1.0,1.0,Yes,1.0,73.6,59.1,61.7,65.0,Yes
S10695,Female,15.0,Public,Primary,5.6,0.0,2.0,No,Yes,,1.0,4.0,Yes,3.0,70.2,48.4,64.3,63.2,Yes
S10696,Male,15.0,Public,Master,8.5,0.0,2.0,Yes,Yes,3.0,1.0,2.0,Yes,2.0,64.1,73.8,71.7,73.1,Yes
S10697,Female,15.0,Public,Bachelor,,1.0,4.0,No,No,3.0,,1.0,Yes,2.0,47.6,55.5,58.5,56.9,Yes
S10698,Male,19.0,Private,Master,4.4,0.0,4.0,No,Yes,4.0,1.0,3.0,Yes,3.0,45.2,,42.9,49.0,No
S10699,Female,16.0,Private,Secondary,12.4,2.0,3.0,Yes,Yes,4.0,1.0,1.0,Yes,4.0,57.9,56.9,,57.6,Yes
S10700,Female,19.0,Public,Bachelor,7.1,0.0,1.0,No,Yes,3.0,,,Yes,4.0,70.1,58.2,61.2,72.0,Yes
S10701,Male,16.0,Private,Bachelor,9.2,0.0,1.0,No,Yes,3.0,1.0,1.0,Yes,3.0,,65.6,71.1,66.0,Yes
S10702,Male,16.0,Public,Secondary,8.2,0.0,1.0,No,Yes,2.0,1.0,1.0,Yes,3.0,61.2,,67.9,61.5,Yes
S10703,Male,16.0,Public,Bachelor,6.8,1.0,1.0,No,Yes,2.0,3.0,4.0,Yes,3.0,62.1,55.6,56.8,56.0,Yes
S10704,Male,16.0,Private,Master,10.0,2.0,4.0,Yes,Yes,3.0,1.0,1.0,Yes,5.0,63.0,61.3,66.2,56.5,Yes
S10705,Other,15.0,Private,Master,9.1,0.0,3.0,Yes,Yes,3.0,1.0,1.0,Yes,3.0,77.9,72.8,67.4,76.5,Yes
S10706,Male,17.0,Public,Bachelor,8.5,2.0,4.0,No,Yes,5.0,1.0,4.0,Yes,2.0,61.6,53.7,60.4,49.5,No
S10707,Female,,Public,Secondary,7.1,1.0,3.0,Yes,Yes,,1.0,4.0,No,2.0,37.4,37.0,44.7,39.4,No
S10708,Male,17.0,Public,Secondary,11.3,,3.0,No,Yes,4.0,2.0,2.0,Yes,3.0,51.6,51.7,45.6,49.0,No
S10709,Female,17.0,Public,Master,16.6,0.0,3.0,Yes,Yes,3.0,2.0,1.0,Yes,3.0,76.5,,74.2,83.7,Yes
S10710,Female,15.0,Private,,10.6,,0.0,No,Yes,2.0,1.0,,No,1.0,37.3,30.3,,28.9,No
S10711,Female,15.0,Public,Bachelor,14.0,1.0,6.0,No,Yes,5.0,4.0,3.0,Yes,,42.8,27.4,39.5,33.6,No
S10712,Male,17.0,Public,Bachelor,4.4,0.0,4.0,No,Yes,3.0,1.0,1.0,Yes,4.0,72.1,71.0,67.3,,Yes
S10713,Male,16.0,Public,Bachelor,10.6,2.0,1.0,Yes,Yes,2.0,,1.0,Yes,3.0,42.5,56.5,55.1,49.7,No
S10714,Male,15.0,Public,Doctorate,5.6,0.0,6.0,Yes,Yes,,1.0,2.0,Yes,1.0,56.7,60.8,65.0,58.2,Yes
S10715,Female,19.0,Public,Secondary,4.1,0.0,,Yes,No,4.0,1.0,1.0,No,3.0,28.9,39.2,33.8,33.1,No
S10716,Female,15.0,Public,Secondary,7.0,0.0,,Yes,Yes,4.0,4.0,1.0,Yes,,62.5,,69.8,61.8,Yes
S10717,Female,17.0,Private,Primary,14.8,0.0,6.0,Yes,Yes,1.0,1.0,1.0,Yes,4.0,61.0,,58.3,63.2,Yes
S10718,Male,19.0,Private,Secondary,13.8,0.0,3.0,No,Yes,4.0,1.0,1.0,Yes,2.0,45.4,34.1,,32.3,No
S10719,Female,15.0,Public,Secondary,11.0,0.0,1.0,No,No,3.0,2.0,1.0,Yes,2.0,66.8,67.3,74.9,69.3,Yes
S10720,Female,15.0,Private,Secondary,3.9,2.0,,No,Yes,,1.0,1.0,Yes,3.0,50.8,53.8,52.3,49.7,No
S10721,Male,15.0,Private,Bachelor,9.2,0.0,,No,Yes,,2.0,1.0,Yes,3.0,60.2,56.7,45.1,58.7,Yes
S10722,Male,16.0,Private,Master,11.2,0.0,4.0,No,Yes,4.0,1.0,3.0,Yes,3.0,,54.5,59.9,,Yes
S10723,Female,15.0,Public,Secondary,10.7,0.0,5.0,No,Yes,,1.0,3.0,Yes,5.0,27.1,27.9,37.2,29.0,No
S10724,Female,17.0,Public,Secondary,2.6,0.0,1.0,No,Yes,3.0,,1.0,No,3.0,57.5,53.1,53.5,60.5,Yes
S10725,Female,15.0,Public,Master,6.4,2.0,2.0,No,Yes,4.0,1.0,2.0,Yes,1.0,66.5,,50.3,56.0,Yes
S10726,Male,16.0,Public,Primary,9.7,0.0,5.0,No,Yes,4.0,3.0,1.0,Yes,4.0,61.5,52.8,49.8,51.5,Yes
S10727,Female,19.0,Public,Primary,,1.0,9.0,Yes,Yes,4.0,1.0,1.0,Yes,1.0,66.3,74.4,56.9,72.9,Yes
S10728,Male,,Public,Secondary,1.2,0.0,5.0,Yes,No,3.0,2.0,1.0,No,5.0,30.2,,45.3,37.1,No
S10729,Male,17.0,Public,Bachelor,9.4,0.0,4.0,No,Yes,5.0,1.0,2.0,Yes,3.0,,44.1,59.4,54.2,Yes
S10730,Male,16.0,Public,Secondary,10.6,0.0,4.0,Yes,Yes,5.0,1.0,3.0,No,5.0,45.3,46.0,50.0,,No
S10731,Female,17.0,Public,Master,13.4,0.0,4.0,No,No,2.0,3.0,,Yes,2.0,56.3,63.2,56.2,59.4,Yes
S10732,Female,16.0,Public,Secondary,12.8,0.0,3.0,No,No,4.0,1.0,1.0,No,,46.6,48.8,57.3,50.2,Yes
S10733,Female,16.0,Private,Secondary,12.3,0.0,2.0,Yes,No,,2.0,1.0,Yes,3.0,63.8,69.8,66.7,61.2,Yes
S10734,Male,15.0,Private,Secondary,,0.0,2.0,Yes,No,3.0,2.0,3.0,Yes,3.0,47.2,49.0,61.0,50.8,Yes
S10735,Female,,Private,Secondary,2.4,,,No,No,4.0,2.0,1.0,Yes,2.0,40.2,36.2,36.7,40.4,No
S10736,Male,16.0,Private,Bachelor,8.4,0.0,4.0,No,Yes,2.0,3.0,3.0,No,5.0,60.8,62.9,,62.5,Yes
S10737,Female,15.0,Public,Bachelor,14.0,0.0,3.0,Yes,No,3.0,1.0,2.0,Yes,4.0,87.8,87.7,93.5,93.1,Yes
S10738,Male,16.0,Private,Bachelor,15.6,,1.0,No,No,4.0,1.0,3.0,No,3.0,51.8,61.3,52.7,,Yes
S10739,Male,16.0,Public,Bachelor,12.8,0.0,1.0,No,Yes,3.0,1.0,4.0,No,2.0,61.7,52.6,,50.9,Yes
S10740,Male,17.0,Public,Master,11.7,1.0,2.0,Yes,Yes,3.0,1.0,,Yes,4.0,78.2,66.8,71.2,67.4,Yes
S10741,Male,,Public,Bachelor,11.5,0.0,2.0,Yes,No,5.0,1.0,2.0,Yes,4.0,45.1,,,40.4,No
S10742,Female,17.0,Public,Bachelor,7.8,0.0,4.0,No,Yes,3.0,1.0,2.0,Yes,,57.3,,58.7,53.1,Yes
S10743,Female,15.0,Public,Primary,9.5,2.0,,Yes,No,3.0,,1.0,No,5.0,35.3,42.0,48.6,42.6,No
S10744,Male,16.0,Public,,16.7,0.0,4.0,No,Yes,3.0,1.0,4.0,Yes,2.0,45.2,40.2,42.5,40.0,No
S10745,Female,16.0,Private,Secondary,6.2,0.0,6.0,No,Yes,3.0,1.0,,No,2.0,53.9,39.9,56.8,48.1,No
S10746,Male,15.0,Public,Bachelor,16.5,0.0,2.0,No,Yes,4.0,2.0,1.0,Yes,1.0,38.0,68.8,62.3,58.7,Yes
S10747,Female,16.0,Public,Secondary,8.7,0.0,5.0,No,Yes,,1.0,1.0,Yes,4.0,51.9,45.7,53.5,,Yes
S10748,Female,17.0,Private,Secondary,15.3,1.0,1.0,No,Yes,3.0,1.0,1.0,Yes,3.0,58.9,58.2,55.9,55.0,Yes
S10749,Female,,Public,Master,4.4,1.0,4.0,No,Yes,4.0,3.0,2.0,Yes,2.0,,35.6,59.3,47.0,No
S10750,Male,16.0,Public,Master,12.3,3.0,2.0,Yes,Yes,3.0,1.0,2.0,No,2.0,59.9,38.1,54.9,57.4,Yes
S10751,Female,15.0,Public,Master,,0.0,5.0,No,Yes,3.0,5.0,1.0,Yes,1.0,49.1,54.0,54.7,53.4,Yes
S10752,Female,15.0,Public,Secondary,4.3,0.0,2.0,No,Yes,4.0,1.0,1.0,Yes,2.0,56.8,61.1,68.5,64.0,Yes
S10753,Male,15.0,Public,Bachelor,10.9,0.0,4.0,Yes,Yes,4.0,1.0,4.0,Yes,3.0,46.7,63.2,57.9,52.0,Yes
S10754,Male,19.0,Private,Secondary,14.0,0.0,,No,Yes,3.0,1.0,3.0,Yes,2.0,77.5,68.4,,74.9,Yes
S10755,Female,17.0,Public,Secondary,6.6,0.0,6.0,Yes,Yes,2.0,2.0,3.0,Yes,2.0,56.7,,58.6,66.7,Yes
S10756,Female,19.0,Public,Secondary,4.0,0.0,,Yes,Yes,2.0,1.0,1.0,Yes,4.0,55.3,51.8,63.9,,Yes
S10757,Female,16.0,Private,Secondary,9.6,0.0,0.0,Yes,Yes,3.0,,3.0,No,3.0,71.2,78.6,58.6,64.9,Yes
S10758,Female,15.0,Public,Secondary,9.7,0.0,2.0,No,Yes,3.0,1.0,1.0,Yes,4.0,,49.6,43.1,48.3,No
S10759,Female,16.0,Public,Bachelor,12.2,1.0,,No,Yes,4.0,1.0,,Yes,1.0,,44.0,60.4,,Yes
S10760,Male,16.0,Public,Primary,13.8,1.0,2.0,Yes,Yes,1.0,1.0,1.0,Yes,3.0,88.6,72.3,70.4,77.9,Yes
S10761,Male,17.0,Public,Bachelor,9.8,0.0,4.0,Yes,No,4.0,1.0,1.0,Yes,3.0,59.0,54.8,63.5,,Yes
S10762,Male,15.0,Public,Secondary,17.4,0.0,2.0,Yes,No,3.0,1.0,1.0,Yes,,,,41.7,33.8,No
S10763,Female,16.0,Public,Secondary,10.9,0.0,2.0,No,No,3.0,,5.0,Yes,2.0,52.3,58.5,54.4,,Yes
S10764,Male,15.0,Public,Secondary,8.6,1.0,4.0,Yes,Yes,3.0,1.0,1.0,Yes,4.0,50.9,58.3,50.4,51.3,Yes
S10765,Female,16.0,Private,Secondary,3.6,0.0,1.0,No,Yes,,1.0,,Yes,5.0,17.2,,24.2,23.9,No
S10766,Female,,Public,Bachelor,,0.0,1.0,Yes,Yes,4.0,,1.0,Yes,,73.2,68.5,86.7,80.5,Yes
S10767,Female,16.0,Public,Secondary,8.7,0.0,4.0,No,Yes,2.0,3.0,,Yes,2.0,,55.9,58.6,56.3,Yes
S10768,Male,16.0,Public,Secondary,13.8,0.0,3.0,Yes,No,,5.0,2.0,No,,59.1,66.3,62.5,,Yes
S10769,Female,16.0,Public,Primary,11.8,0.0,8.0,No,Yes,4.0,,1.0,Yes,,46.3,51.7,,51.8,Yes
S10770,Male,16.0,Public,Secondary,5.3,1.0,1.0,Yes,Yes,4.0,4.0,3.0,Yes,3.0,47.0,28.2,39.1,35.6,No
S10771,Female,17.0,Public,Master,10.7,0.0,4.0,Yes,Yes,3.0,2.0,,Yes,5.0,42.3,49.6,49.1,42.7,No
S10772,Male,18.0,Private,Secondary,12.7,0.0,2.0,No,No,3.0,4.0,2.0,Yes,5.0,37.4,51.9,41.3,41.9,No
S10773,Male,19.0,Public,Bachelor,16.1,,2.0,No,No,,2.0,3.0,No,3.0,68.8,55.2,73.3,64.1,Yes
S10774,Female,17.0,Public,Bachelor,13.6,0.0,3.0,No,Yes,5.0,1.0,4.0,Yes,2.0,51.7,59.1,66.3,55.1,Yes
S10775,Male,16.0,Public,Master,13.0,1.0,4.0,No,No,,1.0,3.0,Yes,2.0,57.5,49.9,42.0,57.9,Yes
S10776,Male,17.0,Public,Bachelor,10.2,0.0,3.0,No,Yes,3.0,1.0,,Yes,4.0,48.1,46.3,53.1,57.7,Yes
S10777,Female,16.0,Public,Secondary,,1.0,4.0,No,No,5.0,1.0,1.0,Yes,5.0,64.9,60.3,74.7,65.0,Yes
S10778,Female,16.0,Public,Bachelor,15.0,0.0,5.0,Yes,No,1.0,1.0,2.0,Yes,3.0,84.1,73.1,71.3,77.3,Yes
S10779,Female,17.0,Public,Master,4.7,0.0,5.0,No,No,1.0,1.0,3.0,No,,,74.5,75.8,,Yes
S10780,Female,15.0,Public,Secondary,8.6,0.0,2.0,No,Yes,4.0,4.0,4.0,Yes,4.0,65.5,56.8,,64.5,Yes
S10781,Female,18.0,Private,Secondary,6.9,0.0,5.0,No,Yes,2.0,1.0,1.0,Yes,3.0,65.0,61.3,58.4,,Yes
S10782,Male,16.0,Private,,11.5,0.0,3.0,No,Yes,2.0,2.0,,Yes,4.0,37.8,,40.3,30.9,No
S10783,Male,17.0,Private,Bachelor,14.9,0.0,5.0,Yes,Yes,3.0,2.0,3.0,Yes,3.0,,61.3,55.6,62.7,Yes
S10784,Male,17.0,Private,Bachelor,7.6,0.0,3.0,Yes,No,3.0,4.0,1.0,Yes,3.0,49.3,,45.1,,No
S10785,Female,18.0,Public,Primary,0.5,0.0,6.0,No,Yes,4.0,4.0,1.0,Yes,2.0,32.7,31.2,32.9,39.3,No
S10786,Female,17.0,Private,Bachelor,8.4,,1.0,No,Yes,4.0,2.0,1.0,Yes,4.0,57.4,65.2,70.6,65.5,Yes
S10787,Male,,Public,Secondary,13.7,2.0,1.0,Yes,Yes,3.0,1.0,2.0,Yes,,37.6,50.8,,41.3,No
S10788,Male,15.0,Private,Primary,12.2,0.0,,No,Yes,3.0,1.0,5.0,No,2.0,65.4,51.5,,,Yes
S10789,Female,16.0,Private,Doctorate,11.7,2.0,3.0,No,Yes,5.0,1.0,1.0,Yes,4.0,62.3,56.6,67.7,61.1,Yes
S10790,Male,15.0,Public,Secondary,8.9,0.0,7.0,Yes,Yes,4.0,2.0,1.0,No,3.0,56.1,61.3,61.5,61.4,Yes
S10791,Female,17.0,Private,Primary,4.9,0.0,2.0,No,Yes,3.0,3.0,1.0,Yes,5.0,55.7,45.0,56.5,56.9,Yes
S10792,Female,16.0,Public,Bachelor,12.1,1.0,0.0,No,Yes,5.0,2.0,1.0,Yes,2.0,57.8,47.7,63.0,51.7,Yes
S10793,Female,17.0,Public,Bachelor,6.7,0.0,2.0,No,No,4.0,1.0,2.0,No,3.0,73.5,73.5,,78.2,Yes
S10794,Male,15.0,Public,Primary,18.7,0.0,3.0,No,Yes,2.0,1.0,2.0,Yes,2.0,56.9,54.6,48.0,60.0,Yes
S10795,Female,15.0,Public,Bachelor,12.3,0.0,2.0,No,No,1.0,1.0,1.0,No,5.0,62.8,57.4,57.9,56.2,Yes
S10796,Female,17.0,Public,Secondary,7.7,,3.0,No,Yes,2.0,1.0,2.0,Yes,1.0,40.6,46.9,50.0,45.6,No
S10797,Female,15.0,Public,Primary,7.6,,,No,Yes,4.0,1.0,3.0,Yes,3.0,34.7,47.2,35.5,,No
S10798,Female,15.0,Private,Secondary,9.6,0.0,1.0,No,Yes,2.0,1.0,1.0,Yes,,52.3,54.5,55.2,58.8,Yes
S10799,Female,15.0,Public,Secondary,9.0,0.0,4.0,No,Yes,3.0,2.0,1.0,No,,,52.9,62.6,56.4,Yes
S10800,Female,19.0,Private,Secondary,,0.0,4.0,No,Yes,2.0,,5.0,No,5.0,48.3,45.2,53.4,52.2,Yes
S10801,Male,17.0,Private,Master,10.7,0.0,4.0,No,Yes,5.0,1.0,1.0,Yes,4.0,53.0,29.3,46.3,,Yes
S10802,Female,16.0,Private,Bachelor,7.1,0.0,3.0,Yes,Yes,3.0,4.0,3.0,Yes,2.0,35.8,,47.3,41.9,No
S10803,Female,16.0,Private,Doctorate,17.6,1.0,2.0,Yes,Yes,5.0,1.0,1.0,Yes,1.0,75.8,79.7,72.4,,Yes
S10804,Male,16.0,Public,Secondary,10.2,0.0,2.0,Yes,Yes,5.0,1.0,3.0,No,2.0,61.9,55.5,47.9,56.5,Yes
S10805,Female,,Private,Master,13.1,0.0,2.0,Yes,Yes,1.0,1.0,3.0,Yes,2.0,,51.6,,57.4,Yes
S10806,Female,17.0,Private,Secondary,7.6,0.0,0.0,No,Yes,3.0,1.0,2.0,Yes,4.0,69.2,61.6,61.8,62.6,Yes
S10807,Female,15.0,Public,Secondary,11.5,0.0,4.0,No,No,,,4.0,Yes,5.0,38.7,44.6,32.4,40.3,No
S10808,Male,15.0,Public,Primary,11.2,2.0,2.0,No,Yes,,1.0,4.0,Yes,1.0,34.6,48.6,42.2,36.1,No
S10809,Male,15.0,Public,Primary,2.4,0.0,4.0,No,Yes,3.0,1.0,2.0,Yes,3.0,49.5,42.3,,43.9,No
S10810,Other,17.0,Public,Bachelor,18.1,0.0,2.0,No,No,2.0,1.0,1.0,No,3.0,83.7,80.0,81.1,,Yes
S10811,Female,17.0,Public,Secondary,15.2,,7.0,No,Yes,2.0,1.0,1.0,Yes,1.0,79.4,83.8,82.9,74.8,Yes
S10812,Male,,Public,Secondary,8.4,0.0,,No,No,3.0,3.0,3.0,No,3.0,51.6,56.6,49.3,,Yes
S10813,Female,15.0,Public,Bachelor,5.6,0.0,,No,Yes,,1.0,2.0,Yes,2.0,66.0,60.8,63.9,55.8,Yes
S10814,Female,15.0,Public,Secondary,11.4,0.0,1.0,No,No,4.0,3.0,1.0,Yes,3.0,59.8,,55.7,51.9,Yes
S10815,Female,19.0,Private,Bachelor,10.3,0.0,4.0,No,Yes,,,1.0,Yes,3.0,85.6,75.1,68.5,,Yes
S10816,Female,,Public,Secondary,11.4,0.0,1.0,Yes,No,3.0,1.0,2.0,Yes,4.0,65.3,51.6,65.4,62.4,Yes
S10817,Male,17.0,Public,Bachelor,10.8,0.0,,No,Yes,1.0,2.0,,No,2.0,62.4,62.2,66.1,,Yes
S10818,Male,17.0,Public,Bachelor,12.0,0.0,2.0,No,Yes,5.0,1.0,1.0,Yes,,62.4,51.7,76.5,,Yes
S10819,Male,16.0,Public,Secondary,15.8,2.0,,Yes,Yes,1.0,1.0,3.0,Yes,,56.0,53.7,39.7,49.4,No
S10820,Female,15.0,Private,Secondary,12.3,0.0,,No,Yes,5.0,1.0,2.0,Yes,4.0,63.2,67.1,81.5,,Yes
S10821,Male,15.0,Public,Secondary,5.8,0.0,2.0,Yes,Yes,3.0,1.0,,Yes,,,59.9,56.3,52.3,Yes
S10822,Male,17.0,Public,Bachelor,15.5,0.0,2.0,Yes,Yes,1.0,2.0,1.0,No,4.0,84.2,70.6,,75.3,Yes
S10823,Male,17.0,Public,Secondary,16.6,0.0,2.0,No,No,4.0,3.0,1.0,Yes,,70.1,,60.2,56.1,Yes
S10824,Female,17.0,Public,Secondary,,0.0,3.0,No,Yes,5.0,1.0,1.0,Yes,3.0,,56.0,57.8,54.0,Yes
S10825,Female,16.0,Private,Primary,5.5,0.0,4.0,No,No,5.0,1.0,2.0,Yes,,49.3,46.0,51.6,48.5,No
S10826,Male,15.0,Public,Secondary,11.0,0.0,1.0,No,Yes,2.0,1.0,2.0,Yes,,59.9,60.4,68.7,59.5,Yes
S10827,Male,19.0,Public,Secondary,,0.0,,No,No,2.0,5.0,,Yes,4.0,,39.5,51.9,47.2,No
S10828,Female,17.0,Public,Bachelor,,0.0,5.0,No,No,3.0,2.0,1.0,Yes,5.0,45.4,41.9,41.2,43.7,No
S10829,Male,16.0,Public,Secondary,7.8,0.0,1.0,No,Yes,4.0,3.0,1.0,Yes,4.0,,68.8,73.9,76.2,Yes
S10830,Male,19.0,Public,Secondary,17.7,0.0,2.0,No,No,4.0,1.0,5.0,Yes,3.0,62.8,63.7,58.5,55.4,Yes
S10831,Male,17.0,Public,Bachelor,6.9,0.0,3.0,Yes,No,2.0,,1.0,No,2.0,56.3,56.5,52.6,54.9,Yes
S10832,Male,16.0,Public,Bachelor,3.2,0.0,1.0,No,Yes,5.0,1.0,4.0,Yes,2.0,58.1,58.9,55.0,54.4,Yes
S10833,Male,17.0,Public,Secondary,8.1,0.0,3.0,No,Yes,4.0,1.0,,Yes,5.0,45.2,46.1,44.3,48.7,No
S10834,Female,17.0,Public,Secondary,,0.0,4.0,No,Yes,4.0,,2.0,No,,74.1,55.3,64.6,68.6,Yes
S10835,Male,17.0,Private,Secondary,13.0,1.0,4.0,No,No,3.0,,3.0,No,1.0,43.5,49.2,40.0,46.2,No
S10836,Female,15.0,Private,Master,1.7,0.0,3.0,No,Yes,3.0,4.0,1.0,No,,51.9,61.2,48.9,51.0,Yes
S10837,Male,16.0,Public,Primary,10.1,1.0,5.0,No,Yes,5.0,1.0,2.0,No,4.0,48.7,58.1,57.4,57.7,Yes
S10838,Female,18.0,Private,Master,1.7,0.0,1.0,No,Yes,3.0,2.0,1.0,Yes,2.0,56.1,52.1,56.5,,No
S10839,Female,,Public,Bachelor,8.7,0.0,4.0,Yes,Yes,,1.0,3.0,Yes,2.0,49.5,46.4,41.9,39.3,No
S10840,Male,,Public,Secondary,16.6,0.0,2.0,No,No,5.0,1.0,,Yes,3.0,63.0,73.4,77.7,65.4,Yes
S10841,Female,16.0,Private,Primary,11.4,2.0,1.0,No,No,4.0,1.0,3.0,Yes,1.0,69.1,68.5,,65.6,Yes
S10842,Male,16.0,Private,Secondary,6.5,0.0,4.0,No,Yes,3.0,1.0,1.0,No,4.0,48.3,51.9,,50.9,Yes
S10843,Female,17.0,Private,Secondary,9.9,0.0,3.0,No,Yes,1.0,1.0,,Yes,2.0,66.3,62.5,66.8,53.4,Yes
S10844,Male,18.0,Public,Secondary,10.1,0.0,2.0,Yes,Yes,1.0,1.0,1.0,Yes,4.0,60.2,51.4,59.2,62.6,Yes
S10845,Male,15.0,Public,Bachelor,11.9,0.0,2.0,No,Yes,3.0,1.0,2.0,Yes,4.0,48.8,46.5,46.7,48.0,No
S10846,Male,15.0,Private,Master,4.5,0.0,1.0,No,Yes,2.0,1.0,1.0,Yes,3.0,48.7,,31.6,37.2,No
S10847,Other,15.0,Public,Secondary,12.4,,2.0,Yes,Yes,3.0,1.0,1.0,No,2.0,70.4,68.5,65.4,68.7,Yes
S10848,Female,,Public,Bachelor,0.5,3.0,4.0,Yes,Yes,3.0,1.0,2.0,Yes,3.0,45.4,56.1,,50.3,Yes
S10849,Female,17.0,Public,Primary,7.5,0.0,4.0,Yes,Yes,3.0,2.0,4.0,Yes,3.0,51.0,45.9,39.7,48.5,No
S10850,Male,,Public,Secondary,8.0,2.0,6.0,No,Yes,3.0,3.0,1.0,No,2.0,36.2,53.0,32.6,44.6,No
S10851,Female,17.0,Public,Primary,12.5,0.0,1.0,No,Yes,2.0,1.0,4.0,Yes,4.0,53.5,40.3,45.9,41.8,No
S10852,Male,18.0,Public,Bachelor,10.1,,4.0,No,No,1.0,1.0,2.0,Yes,3.0,49.8,54.7,49.2,49.4,No
S10853,Female,17.0,Private,Master,4.4,0.0,0.0,No,Yes,4.0,2.0,3.0,Yes,4.0,57.4,42.4,44.2,,No
S10854,Male,18.0,Public,Bachelor,6.1,0.0,2.0,No,Yes,3.0,1.0,1.0,Yes,,34.5,26.0,41.5,40.9,No
S10855,Male,16.0,Public,Primary,10.8,3.0,2.0,Yes,No,3.0,1.0,1.0,No,2.0,56.1,58.9,62.5,,Yes
S10856,Male,17.0,Public,Secondary,9.7,0.0,2.0,No,Yes,4.0,1.0,,Yes,,64.6,56.2,54.3,70.4,Yes
S10857,Male,16.0,Public,Secondary,7.7,,1.0,No,Yes,4.0,1.0,1.0,Yes,3.0,40.8,,42.8,39.5,No
S10858,Female,17.0,Public,Secondary,8.1,,3.0,No,Yes,3.0,1.0,2.0,Yes,3.0,60.7,55.5,57.7,55.3,Yes
S10859,Male,17.0,Public,Bachelor,12.8,0.0,5.0,No,Yes,4.0,1.0,,No,3.0,49.8,55.7,,,Yes
S10860,Female,17.0,Private,Bachelor,,0.0,1.0,No,No,5.0,1.0,1.0,Yes,2.0,64.6,44.6,53.6,60.8,Yes
S10861,Male,17.0,Public,Bachelor,9.6,3.0,2.0,No,Yes,4.0,1.0,,No,4.0,42.3,53.0,49.1,46.1,No
S10862,Female,15.0,Private,Secondary,18.7,1.0,5.0,No,Yes,,1.0,3.0,Yes,1.0,56.2,54.0,59.4,,Yes
S10863,Male,16.0,Public,Secondary,4.3,1.0,2.0,No,Yes,4.0,1.0,2.0,Yes,3.0,64.8,76.2,60.8,67.4,Yes
S10864,Male,19.0,Public,Primary,2.6,0.0,2.0,Yes,Yes,2.0,1.0,1.0,No,3.0,47.2,,44.2,45.1,No
S10865,Female,18.0,Public,Secondary,,,4.0,No,No,3.0,1.0,1.0,Yes,5.0,50.3,40.6,58.5,47.2,No
S10866,Male,15.0,Public,Secondary,,0.0,2.0,No,Yes,5.0,,1.0,Yes,3.0,46.3,38.8,55.2,46.2,No
S10867,Male,15.0,Private,Bachelor,8.7,0.0,2.0,Yes,Yes,3.0,1.0,1.0,Yes,2.0,76.5,59.1,72.3,69.3,Yes
S10868,Female,15.0,Public,Bachelor,6.9,0.0,3.0,Yes,Yes,5.0,1.0,4.0,Yes,3.0,36.6,41.4,41.8,39.6,No
S10869,Female,17.0,Public,Primary,9.0,0.0,4.0,Yes,Yes,3.0,1.0,3.0,Yes,1.0,49.1,54.2,,56.5,Yes
S10870,Male,17.0,Private,Secondary,16.4,0.0,4.0,No,Yes,5.0,1.0,1.0,Yes,2.0,71.0,69.7,85.9,82.1,Yes
S10871,Male,15.0,Private,Secondary,13.2,0.0,4.0,No,Yes,3.0,1.0,4.0,Yes,1.0,61.7,62.9,59.3,58.0,Yes
S10872,Female,16.0,Private,Secondary,13.4,,5.0,No,Yes,1.0,1.0,1.0,No,3.0,53.0,49.3,,50.5,Yes
S10873,Male,17.0,Public,Bachelor,4.3,0.0,2.0,Yes,Yes,3.0,2.0,,Yes,1.0,72.8,76.2,73.4,70.7,Yes
S10874,Male,17.0,Private,Primary,5.4,0.0,0.0,No,Yes,3.0,1.0,1.0,Yes,,,58.5,73.8,62.2,Yes
S10875,Male,16.0,Public,Secondary,0.5,2.0,3.0,No,Yes,1.0,,2.0,No,5.0,46.7,,28.7,34.0,No
S10876,Female,16.0,Public,Secondary,,0.0,3.0,Yes,Yes,4.0,1.0,1.0,Yes,4.0,,49.1,,50.7,Yes
S10877,Female,16.0,Public,Master,13.8,1.0,2.0,No,Yes,3.0,5.0,1.0,Yes,1.0,60.6,51.6,39.5,56.0,Yes
S10878,Male,16.0,Public,Secondary,12.1,0.0,3.0,No,No,4.0,2.0,1.0,Yes,2.0,72.1,51.3,70.6,,Yes
S10879,Male,16.0,Public,Secondary,9.1,,5.0,Yes,Yes,3.0,4.0,1.0,Yes,3.0,58.2,67.7,52.9,61.4,Yes
S10880,Male,,Public,Secondary,9.9,,1.0,No,Yes,2.0,1.0,1.0,Yes,4.0,,69.0,67.1,70.1,Yes
S10881,Female,18.0,Private,Bachelor,7.2,1.0,2.0,No,Yes,5.0,1.0,,Yes,1.0,69.5,70.0,54.2,,Yes
S10882,Male,17.0,Public,Master,10.8,,,Yes,No,3.0,2.0,1.0,Yes,4.0,,49.7,56.0,48.4,No
S10883,Male,17.0,Public,Secondary,13.1,0.0,2.0,Yes,Yes,4.0,3.0,2.0,Yes,3.0,52.9,,56.3,54.1,Yes
S10884,Female,15.0,Public,Master,,0.0,0.0,Yes,Yes,4.0,4.0,1.0,Yes,3.0,55.5,57.8,52.1,58.8,Yes
S10885,Male,16.0,Private,Master,11.2,0.0,5.0,Yes,No,,1.0,2.0,Yes,5.0,,49.0,48.8,47.9,No
S10886,Female,15.0,Public,Master,13.7,0.0,0.0,No,No,5.0,2.0,1.0,Yes,4.0,73.2,63.1,62.8,70.2,Yes
S10887,Male,,Public,Bachelor,,2.0,2.0,No,Yes,4.0,1.0,4.0,Yes,4.0,70.5,70.0,64.9,65.7,Yes
S10888,Male,17.0,Private,Bachelor,12.8,0.0,3.0,Yes,Yes,3.0,1.0,4.0,Yes,3.0,71.1,61.5,57.3,61.6,Yes
S10889,Male,19.0,Private,Secondary,21.3,0.0,2.0,No,Yes,4.0,1.0,1.0,Yes,3.0,70.1,75.2,70.2,74.7,Yes
S10890,Female,15.0,Public,Bachelor,9.6,0.0,6.0,No,Yes,2.0,1.0,2.0,No,3.0,55.2,55.7,62.3,54.4,Yes
S10891,Female,16.0,Public,Secondary,11.6,0.0,5.0,Yes,No,3.0,4.0,1.0,No,2.0,69.8,59.3,59.3,69.3,Yes
S10892,Female,17.0,Private,Bachelor,7.0,0.0,3.0,Yes,Yes,5.0,1.0,,No,3.0,55.5,47.3,46.7,49.1,No
S10893,Male,15.0,Public,Secondary,10.7,0.0,4.0,No,No,4.0,1.0,2.0,Yes,2.0,44.4,35.7,39.3,42.3,No
S10894,Female,16.0,Public,Bachelor,11.8,0.0,5.0,No,Yes,4.0,1.0,1.0,Yes,2.0,64.4,68.2,53.9,70.8,Yes
S10895,Male,17.0,Private,Bachelor,,0.0,2.0,Yes,Yes,4.0,1.0,1.0,Yes,3.0,69.5,58.8,56.3,59.5,Yes
S10896,Male,17.0,Public,Secondary,5.9,0.0,2.0,Yes,Yes,4.0,1.0,1.0,Yes,4.0,53.9,57.5,59.2,56.8,Yes
S10897,Female,,Public,Bachelor,10.8,1.0,4.0,No,Yes,5.0,1.0,1.0,Yes,5.0,53.5,58.3,52.0,58.7,Yes
S10898,Male,16.0,Public,Secondary,15.8,0.0,4.0,No,Yes,3.0,1.0,2.0,Yes,3.0,40.0,45.5,43.8,46.6,No
S10899,Male,17.0,Public,Bachelor,11.8,0.0,7.0,Yes,Yes,2.0,2.0,,Yes,3.0,68.5,67.3,58.4,63.8,Yes
S10900,Male,16.0,Public,Secondary,13.8,0.0,6.0,No,Yes,3.0,4.0,1.0,Yes,2.0,63.0,,54.1,57.6,Yes
S10901,Male,15.0,Private,Secondary,9.1,0.0,4.0,No,Yes,4.0,,1.0,No,5.0,57.5,58.7,48.3,54.2,Yes
S10902,Male,,Public,Master,13.0,0.0,,No,Yes,3.0,1.0,1.0,Yes,3.0,83.0,73.3,82.8,85.8,Yes
S10903,Female,15.0,Public,Secondary,11.1,0.0,,No,Yes,1.0,1.0,1.0,No,4.0,56.1,40.9,39.2,45.4,No
S10904,Male,17.0,Public,Bachelor,6.2,,2.0,No,Yes,3.0,,3.0,Yes,4.0,79.9,72.8,71.2,75.5,Yes
S10905,Female,15.0,Public,Secondary,11.3,3.0,6.0,No,Yes,5.0,,1.0,No,2.0,43.7,40.1,44.4,,No
S10906,Female,19.0,Private,Secondary,6.0,0.0,,No,Yes,4.0,1.0,,Yes,3.0,31.9,33.0,26.3,33.4,No
S10907,Male,16.0,Public,Secondary,7.5,0.0,6.0,No,Yes,3.0,1.0,1.0,No,5.0,45.9,,56.3,51.6,Yes
S10908,Male,16.0,Public,Bachelor,10.8,0.0,3.0,No,Yes,2.0,4.0,1.0,Yes,1.0,,77.7,64.3,67.8,Yes
S10909,Male,15.0,Public,Secondary,11.2,0.0,2.0,No,Yes,3.0,1.0,2.0,Yes,3.0,48.3,54.9,54.5,48.3,No
S10910,Female,,Public,Primary,5.2,0.0,5.0,Yes,Yes,2.0,1.0,1.0,Yes,5.0,,39.4,26.8,28.4,No
S10911,Male,18.0,Public,Secondary,14.2,1.0,3.0,Yes,No,2.0,4.0,1.0,Yes,2.0,63.2,61.0,50.6,55.4,Yes
S10912,Female,19.0,Public,,12.3,0.0,2.0,No,Yes,5.0,1.0,,No,,40.0,39.4,51.3,46.4,No
S10913,Male,16.0,Private,Master,7.2,0.0,2.0,Yes,Yes,5.0,2.0,1.0,No,5.0,63.6,60.6,77.2,72.1,Yes
S10914,Female,16.0,Public,Master,3.8,0.0,,No,Yes,2.0,1.0,1.0,Yes,4.0,65.4,,50.6,67.3,Yes
S10915,Male,17.0,Public,Secondary,9.4,0.0,4.0,No,No,2.0,4.0,2.0,Yes,2.0,50.3,43.4,43.2,48.3,No
S10916,Male,18.0,Public,Bachelor,8.2,,2.0,No,Yes,3.0,1.0,2.0,Yes,2.0,61.2,55.8,,56.3,Yes
S10917,Female,16.0,Private,Secondary,10.5,0.0,3.0,No,Yes,3.0,3.0,,No,1.0,54.4,68.7,60.0,63.5,Yes
S10918,Female,16.0,Public,Bachelor,8.5,0.0,2.0,Yes,Yes,3.0,1.0,,Yes,4.0,48.3,38.8,53.2,48.1,No
S10919,Male,16.0,Public,Bachelor,2.0,0.0,3.0,No,Yes,3.0,2.0,1.0,Yes,4.0,40.7,43.1,35.7,47.1,No
S10920,Female,17.0,Public,Master,8.4,,2.0,No,No,3.0,,1.0,Yes,3.0,,46.5,,43.8,No
S10921,Female,15.0,Public,Secondary,8.8,3.0,0.0,No,Yes,,1.0,2.0,Yes,3.0,48.6,54.8,50.5,,Yes
S10922,Female,17.0,Private,Bachelor,12.5,0.0,2.0,No,Yes,4.0,2.0,4.0,Yes,1.0,,57.3,69.9,68.7,Yes
S10923,Female,16.0,Public,Secondary,7.2,1.0,3.0,Yes,No,4.0,1.0,4.0,Yes,4.0,42.7,37.9,40.9,43.7,No
S10924,Male,17.0,Public,Doctorate,,1.0,1.0,No,Yes,3.0,1.0,1.0,Yes,4.0,57.6,59.1,60.7,,Yes
S10925,Male,15.0,Private,Primary,2.4,0.0,2.0,No,Yes,5.0,1.0,1.0,No,5.0,81.4,64.3,,76.8,Yes
S10926,Male,,Private,Bachelor,15.2,0.0,3.0,Yes,Yes,5.0,2.0,2.0,Yes,4.0,55.5,57.4,45.0,52.4,Yes
S10927,Female,16.0,Private,Bachelor,9.1,,1.0,No,Yes,2.0,1.0,1.0,Yes,4.0,40.9,48.3,38.4,40.6,No
S10928,Female,17.0,Private,Bachelor,13.4,0.0,4.0,No,Yes,3.0,,3.0,Yes,4.0,59.7,71.6,52.9,55.3,Yes
S10929,Male,15.0,Public,Secondary,10.3,0.0,1.0,Yes,Yes,3.0,1.0,3.0,Yes,3.0,58.2,59.9,49.2,56.0,Yes
S10930,Male,16.0,Public,Master,14.6,1.0,5.0,Yes,Yes,2.0,1.0,4.0,Yes,,53.1,45.1,,51.1,Yes
S10931,Female,,Public,Secondary,,2.0,1.0,No,No,3.0,1.0,1.0,No,5.0,45.5,54.9,52.1,45.1,No
S10932,Other,16.0,Public,Bachelor,5.6,0.0,1.0,No,No,3.0,1.0,1.0,No,3.0,59.0,64.5,60.1,55.1,Yes
S10933,Female,17.0,Public,Secondary,15.7,,5.0,No,Yes,3.0,1.0,3.0,No,3.0,42.7,32.0,39.9,40.6,No
S10934,Male,17.0,Public,Secondary,9.5,0.0,0.0,No,Yes,3.0,1.0,2.0,No,1.0,62.7,52.6,,58.3,Yes
S10935,Male,17.0,Public,Secondary,10.9,,2.0,No,Yes,3.0,1.0,4.0,Yes,2.0,80.1,81.4,82.9,82.1,Yes
S10936,Male,16.0,Private,Secondary,14.9,0.0,2.0,No,Yes,5.0,5.0,1.0,Yes,3.0,73.4,,66.8,,Yes
S10937,Female,,Public,Secondary,5.9,0.0,4.0,No,Yes,3.0,1.0,2.0,Yes,2.0,58.5,,,61.2,Yes
S10938,Male,16.0,Private,Secondary,12.4,0.0,2.0,No,Yes,4.0,1.0,2.0,No,,70.1,63.1,77.1,69.9,Yes
S10939,Female,15.0,Public,Secondary,7.6,0.0,4.0,Yes,Yes,1.0,1.0,1.0,Yes,3.0,60.8,59.1,55.8,55.1,Yes
S10940,Male,15.0,Public,Bachelor,9.5,2.0,5.0,No,Yes,2.0,1.0,2.0,Yes,2.0,70.0,55.8,,,Yes
S10941,Female,16.0,Public,Master,10.3,0.0,2.0,No,No,3.0,1.0,2.0,Yes,4.0,77.2,60.1,71.6,77.8,Yes
S10942,Female,17.0,Public,Primary,4.0,0.0,3.0,Yes,Yes,2.0,,1.0,Yes,3.0,48.7,58.9,52.8,57.5,Yes
S10943,Female,17.0,Public,Secondary,6.9,2.0,,No,No,1.0,2.0,1.0,Yes,3.0,43.9,53.0,53.8,44.0,No
S10944,Male,17.0,Private,Primary,15.4,0.0,5.0,No,Yes,2.0,1.0,2.0,No,2.0,61.2,61.2,,61.8,Yes
S10945,Male,16.0,Public,,,0.0,2.0,No,No,3.0,1.0,,Yes,2.0,47.4,48.7,47.9,47.5,No
S10946,Male,16.0,Public,Bachelor,9.7,0.0,4.0,No,Yes,,1.0,4.0,No,3.0,61.2,58.4,58.5,58.5,Yes
S10947,Female,15.0,Public,Bachelor,11.0,0.0,4.0,No,Yes,3.0,1.0,1.0,Yes,4.0,53.0,46.3,52.6,49.2,No
S10948,Female,16.0,Public,Secondary,8.8,0.0,2.0,No,Yes,4.0,1.0,1.0,Yes,4.0,54.2,40.0,50.2,50.3,Yes
S10949,Female,16.0,Private,Secondary,15.4,0.0,3.0,Yes,Yes,2.0,1.0,,No,2.0,68.1,48.1,67.7,65.3,Yes
S10950,Female,15.0,Private,Primary,9.2,0.0,0.0,Yes,Yes,4.0,1.0,4.0,No,3.0,43.9,44.4,52.5,48.2,No
S10951,Female,15.0,Public,Bachelor,10.9,0.0,7.0,No,Yes,3.0,1.0,1.0,Yes,2.0,45.0,51.7,54.4,49.3,No
S10952,Male,16.0,Public,Master,14.6,0.0,0.0,No,Yes,4.0,2.0,3.0,Yes,5.0,67.2,60.2,54.9,,Yes
S10953,Female,17.0,Public,Secondary,6.9,1.0,0.0,Yes,Yes,,1.0,1.0,Yes,5.0,67.8,,55.8,65.7,Yes
S10954,Male,19.0,Private,Secondary,16.2,0.0,1.0,Yes,Yes,5.0,1.0,1.0,Yes,3.0,69.1,67.6,70.9,71.0,Yes
S10955,Male,18.0,Public,Bachelor,3.9,0.0,1.0,No,Yes,1.0,,1.0,Yes,3.0,55.1,,53.4,54.1,Yes
S10956,Female,17.0,Public,Master,16.5,0.0,0.0,No,Yes,4.0,,1.0,No,4.0,85.7,75.4,81.2,81.1,Yes
S10957,Male,16.0,Private,Secondary,8.5,0.0,1.0,No,No,2.0,1.0,3.0,Yes,4.0,66.8,,66.0,70.4,Yes
S10958,Male,17.0,Public,Primary,9.0,1.0,5.0,No,Yes,5.0,1.0,3.0,Yes,3.0,54.8,56.2,57.1,54.0,Yes
S10959,Female,17.0,Private,Primary,2.4,0.0,0.0,No,No,3.0,2.0,5.0,Yes,5.0,45.9,65.8,56.5,58.3,Yes
S10960,Male,15.0,Public,Bachelor,8.2,0.0,6.0,Yes,Yes,3.0,1.0,3.0,No,3.0,46.1,60.2,52.9,48.1,No
S10961,Female,16.0,Public,Secondary,5.8,0.0,3.0,No,Yes,,,1.0,No,3.0,58.3,63.2,74.9,63.1,Yes
S10962,Male,17.0,Public,Primary,7.6,0.0,4.0,Yes,Yes,2.0,1.0,2.0,Yes,4.0,62.0,59.0,52.7,60.8,Yes
S10963,Male,,Private,Bachelor,9.5,0.0,0.0,No,Yes,4.0,1.0,5.0,Yes,3.0,80.5,,80.2,70.4,Yes
S10964,Male,,Private,,13.8,0.0,7.0,No,Yes,5.0,1.0,3.0,No,4.0,52.3,47.6,54.5,45.3,No
S10965,Male,16.0,Public,Bachelor,10.8,3.0,4.0,Yes,Yes,4.0,1.0,3.0,Yes,2.0,53.1,51.4,63.0,55.8,Yes
S10966,Female,15.0,Public,Secondary,11.2,1.0,0.0,No,Yes,4.0,,4.0,Yes,3.0,,70.5,71.5,61.4,Yes
S10967,Male,16.0,Public,Primary,5.6,0.0,2.0,No,Yes,4.0,,1.0,No,2.0,49.2,42.2,48.0,41.5,No
S10968,Female,,Private,Bachelor,6.5,0.0,8.0,Yes,Yes,3.0,1.0,3.0,No,3.0,59.2,51.2,53.0,58.0,Yes
S10969,Male,15.0,Public,Secondary,17.2,2.0,3.0,No,Yes,,3.0,4.0,Yes,3.0,62.8,63.3,61.9,61.9,Yes
S10970,Female,15.0,Public,Master,7.1,0.0,2.0,No,Yes,1.0,1.0,5.0,Yes,5.0,72.3,65.1,63.7,72.7,Yes
S10971,Female,17.0,Public,Secondary,,0.0,3.0,No,Yes,,1.0,1.0,Yes,3.0,62.1,80.7,75.8,67.0,Yes
S10972,Female,16.0,Private,Secondary,9.0,0.0,4.0,No,Yes,3.0,2.0,,Yes,4.0,50.8,44.8,45.9,47.2,No
S10973,Male,16.0,Public,Bachelor,10.0,1.0,1.0,Yes,Yes,2.0,2.0,2.0,Yes,2.0,54.1,39.5,41.0,47.4,No
S10974,Male,16.0,Public,Secondary,14.3,0.0,5.0,No,Yes,2.0,3.0,1.0,Yes,4.0,68.1,56.3,65.5,59.1,Yes
S10975,Male,18.0,Public,Master,15.1,0.0,1.0,Yes,Yes,2.0,1.0,2.0,Yes,3.0,,58.2,,58.7,Yes
S10976,Female,16.0,Private,Secondary,9.6,1.0,5.0,No,Yes,5.0,3.0,1.0,Yes,3.0,36.9,23.9,40.6,36.2,No
S10977,Male,,Public,Secondary,8.4,1.0,2.0,No,Yes,2.0,1.0,1.0,Yes,2.0,,,,31.2,No
S10978,Female,18.0,Public,Primary,9.8,2.0,1.0,Yes,Yes,3.0,1.0,1.0,Yes,3.0,48.0,53.0,60.1,53.0,Yes
S10979,Female,,Private,Secondary,11.4,0.0,,Yes,Yes,3.0,1.0,2.0,Yes,3.0,58.9,79.8,67.6,69.3,Yes
S10980,Male,,Public,Bachelor,13.6,0.0,2.0,No,Yes,3.0,2.0,,Yes,3.0,63.9,61.1,,62.9,Yes
S10981,Female,17.0,Public,Bachelor,10.0,0.0,1.0,No,Yes,2.0,1.0,1.0,Yes,5.0,57.9,51.5,59.7,50.6,Yes
S10982,Male,16.0,Public,Secondary,12.5,0.0,2.0,Yes,Yes,,1.0,1.0,Yes,,,,60.5,,Yes
S10983,Male,16.0,Private,Secondary,16.6,0.0,0.0,No,Yes,2.0,1.0,1.0,No,5.0,45.7,54.6,39.0,55.2,Yes
S10984,Female,15.0,Public,Bachelor,,0.0,3.0,Yes,No,3.0,1.0,,Yes,3.0,65.1,59.3,63.8,61.4,Yes
S10985,Female,15.0,Private,Master,11.2,1.0,6.0,Yes,Yes,2.0,3.0,,No,,,50.1,56.7,61.4,Yes
S10986,Female,17.0,Public,Primary,3.9,0.0,2.0,No,Yes,3.0,1.0,2.0,Yes,4.0,50.5,65.1,68.4,57.2,Yes
S10987,Male,16.0,Public,Secondary,0.5,0.0,0.0,Yes,Yes,4.0,1.0,3.0,Yes,2.0,44.2,51.5,39.3,45.8,No
S10988,Male,16.0,Public,Secondary,11.6,0.0,2.0,No,Yes,3.0,2.0,1.0,Yes,3.0,39.6,55.8,49.4,50.5,Yes
S10989,Female,17.0,Private,Master,9.6,,1.0,No,No,3.0,1.0,1.0,Yes,2.0,65.5,54.2,,58.6,Yes
S10990,Female,17.0,Public,Primary,7.9,0.0,6.0,No,Yes,3.0,1.0,3.0,No,1.0,50.7,59.1,65.7,56.5,Yes
S10991,Female,15.0,Private,Secondary,11.0,0.0,4.0,No,No,4.0,2.0,1.0,No,2.0,63.7,64.8,74.8,70.3,Yes
S10992,Male,17.0,Public,Bachelor,9.8,0.0,,No,Yes,3.0,4.0,5.0,No,1.0,,54.3,46.1,62.0,Yes
S10993,Female,15.0,Public,Primary,14.5,0.0,,No,Yes,4.0,3.0,3.0,Yes,4.0,38.8,45.7,,45.0,No
S10994,Male,17.0,Public,Secondary,10.3,0.0,5.0,No,Yes,,1.0,1.0,Yes,3.0,43.2,46.7,,41.4,No
S10995,Male,17.0,Private,Secondary,,0.0,2.0,No,Yes,3.0,1.0,1.0,Yes,2.0,74.7,56.4,67.1,66.2,Yes
S10996,Female,19.0,Public,Secondary,14.0,1.0,3.0,No,Yes,3.0,1.0,2.0,Yes,4.0,27.3,51.1,50.2,51.4,Yes
S10997,Male,15.0,Public,Secondary,9.1,0.0,2.0,Yes,Yes,3.0,1.0,1.0,Yes,4.0,,45.0,45.4,48.5,No
S10998,Female,15.0,Public,Secondary,12.1,0.0,1.0,No,Yes,2.0,1.0,1.0,No,5.0,,75.3,81.2,66.6,Yes
S10999,Male,16.0,Private,Secondary,8.1,,5.0,No,No,1.0,1.0,,No,3.0,34.1,32.4,47.1,32.9,No
